AcadiaValley, Alberta
Acme, Alberta
Airdrie, Alberta
AlbertaBeach, Alberta
AlderFlats, Alberta
Alix, Alberta
Alliance, Alberta
Altario, Alberta
Andrew, Alberta
Anzac, Alberta
Ardrossan, Alberta
Arrowwood, Alberta
Ashmont, Alberta
Assumption, Alberta
Athabasca, Alberta
Banff, Alberta
Barons, Alberta
Barrhead, Alberta
Bashaw, Alberta
Bassano, Alberta
Bawlf, Alberta
BearCanyon, Alberta
Beaumont, Alberta
Beaverlodge, Alberta
Beiseker, Alberta
Bentley, Alberta
Berwyn, Alberta
BigValley, Alberta
Bindloss, Alberta
BlackDiamond, Alberta
Blackfalds, Alberta
Blackie, Alberta
BlueRidge, Alberta
BonAccord, Alberta
Bonanza, Alberta
Bonnyville, Alberta
BowIsland, Alberta
Bowden, Alberta
Boyle, Alberta
BraggCreek, Alberta
Breton, Alberta
Brocket, Alberta
Brooks, Alberta
Brownvale, Alberta
Bruderheim, Alberta
Burdett, Alberta
Byemoor, Alberta
Cadomin, Alberta
Calgary, Alberta
CallingLake, Alberta
Calmar, Alberta
Camrose, Alberta
Canmore, Alberta
Carbon, Alberta
Cardston, Alberta
Carmangay, Alberta
Caroline, Alberta
Carseland, Alberta
Carstairs, Alberta
Castor, Alberta
Cayley, Alberta
Cereal, Alberta
Cessford, Alberta
Champion, Alberta
Chauvin, Alberta
Chestermere, Alberta
ChipewyanLake, Alberta
Chipman, Alberta
Clairmont, Alberta
Claresholm, Alberta
Clive, Alberta
Clyde, Alberta
Coaldale, Alberta
Coalhurst, Alberta
Cochrane, Alberta
ColdLake, Alberta
Conklin, Alberta
Consort, Alberta
Coronation, Alberta
Coutts, Alberta
Cowley, Alberta
Craigmyle, Alberta
Cremona, Alberta
Crossfield, Alberta
CrowsnestPass, Alberta
Czar, Alberta
Daysland, Alberta
DeBolt, Alberta
Delburne, Alberta
Delia, Alberta
Derwent, Alberta
Devon, Alberta
Dewberry, Alberta
Didsbury, Alberta
Dixonville, Alberta
Donalda, Alberta
Donnelly, Alberta
DraytonValley, Alberta
Drumheller, Alberta
Duchess, Alberta
Eaglesham, Alberta
EastCoulee, Alberta
Eckville, Alberta
Edgerton, Alberta
Edmonton, Alberta
Edson, Alberta
ElkPoint, Alberta
Elkwater, Alberta
Elnora, Alberta
Empress, Alberta
Enchant, Alberta
Etzikom, Alberta
Evansburg, Alberta
Exshaw, Alberta
Fairview, Alberta
Falher, Alberta
Faust, Alberta
Ferintosh, Alberta
Flatbush, Alberta
Foremost, Alberta
Forestburg, Alberta
FortAssiniboine, Alberta
FortChipewyan, Alberta
FortMacKay, Alberta
FortMacleod, Alberta
FortMcMurray, Alberta
Fort, Saskatchewan, Alberta
FortVermilion, Alberta
FoxCreek, Alberta
FoxLake, Alberta
Gadsby, Alberta
Galahad, Alberta
Gibbons, Alberta
GiftLake, Alberta
Girouxville, Alberta
Gleichen, Alberta
Glendon, Alberta
Glenwood, Alberta
GrandCentre, Alberta
GrandeCache, Alberta
GrandePrairie, Alberta
Granum, Alberta
Grassland, Alberta
GrassyLake, Alberta
Grimshaw, Alberta
Grouard, Alberta
HairyHill, Alberta
Halkirk, Alberta
Hanna, Alberta
Hardisty, Alberta
HayLakes, Alberta
Hays, Alberta
Heinsburg, Alberta
Heisler, Alberta
HighLevel, Alberta
HighPrairie, Alberta
HighRiver, Alberta
Hilda, Alberta
HinesCreek, Alberta
Hinton, Alberta
Hobbema, Alberta
Holden, Alberta
Hughenden, Alberta
Hussar, Alberta
Hythe, Alberta
Innisfail, Alberta
Innisfree, Alberta
Irma, Alberta
IronSprings, Alberta
Irricana, Alberta
Irvine, Alberta
Islay, Alberta
Jarvie, Alberta
Jasper, Alberta
Jenner, Alberta
Joussard, Alberta
Kananaskis, Alberta
Keephills, Alberta
KegRiver, Alberta
Killam, Alberta
Kinuso, Alberta
Kitscoty, Alberta
LaCrete, Alberta
LacLaBiche, Alberta
Lacombe, Alberta
LakeLouise, Alberta
Lamont, Alberta
Langdon, Alberta
Lavoy, Alberta
Leduc, Alberta
Legal, Alberta
Leslieville, Alberta
Lethbridge, Alberta
Lloydminster, Alberta
Lodgepole, Alberta
Lomond, Alberta
Longview, Alberta
Lougheed, Alberta
Magrath, Alberta
Ma-Me-OBeach, Alberta
Manning, Alberta
Mannville, Alberta
Manyberries, Alberta
Marlboro, Alberta
Marwayne, Alberta
Mayerthorpe, Alberta
McLennan, Alberta
MeanderRiver, Alberta
MedicineHat, Alberta
MilkRiver, Alberta
Millet, Alberta
Milo, Alberta
Minburn, Alberta
Mirror, Alberta
Morinville, Alberta
Morley, Alberta
Morrin, Alberta
Mulhurst, Alberta
Mundare, Alberta
Myrnam, Alberta
Namao, Alberta
Nampa, Alberta
Nanton, Alberta
NewDayton, Alberta
NewNorway, Alberta
NewSarepta, Alberta
Newbrook, Alberta
Nisku, Alberta
NitonJunction, Alberta
Nobleford, Alberta
Nordegg, Alberta
Okotoks, Alberta
Olds, Alberta
Onoway, Alberta
Oyen, Alberta
ParadiseValley, Alberta
PeaceRiver, Alberta
PeerlessLake, Alberta
Peers, Alberta
Penhold, Alberta
PictureButte, Alberta
PincherCreek, Alberta
Plamondon, Alberta
Ponoka, Alberta
Provost, Alberta
Radway, Alberta
RainbowLake, Alberta
Ralston, Alberta
Raymond, Alberta
RedDeer, Alberta
Redcliff, Alberta
Redwater, Alberta
Rimbey, Alberta
Robb, Alberta
Rochester, Alberta
RockyMountainHouse, Alberta
Rockyford, Alberta
RollingHills, Alberta
Rosalind, Alberta
Rosebud, Alberta
Rumsey, Alberta
Rycroft, Alberta
Ryley, Alberta
Sangudo, Alberta
, SaskatchewanRiverCrossing, Alberta
Schuler, Alberta
SebaBeach, Alberta
Sedgewick, Alberta
SevenPersons, Alberta
Sexsmith, Alberta
SherwoodPark, Alberta
Sibbald, Alberta
SilverValley, Alberta
SlaveLake, Alberta
Smith, Alberta
SmokyLake, Alberta
SpiritRiver, Alberta
SpruceGrove, Alberta
SpruceView, Alberta
St.Albert, Alberta
St.Michael, Alberta
St.Paul, Alberta
StandOff, Alberta
Standard, Alberta
Stavely, Alberta
Stettler, Alberta
Stirling, Alberta
StonyPlain, Alberta
Strathmore, Alberta
Strome, Alberta
Sundre, Alberta
SwanHills, Alberta
SylvanLake, Alberta
Taber, Alberta
Thorhild, Alberta
Thorsby, Alberta
ThreeHills, Alberta
Tilley, Alberta
Tofield, Alberta
Tomahawk, Alberta
Torrington, Alberta
Trochu, Alberta
TroutLake, Alberta
TurnerValley, Alberta
TwoHills, Alberta
Valleyview, Alberta
Vauxhall, Alberta
Vegreville, Alberta
Vermilion, Alberta
Veteran, Alberta
Viking, Alberta
Vilna, Alberta
Vulcan, Alberta
Wabamun, Alberta
Wainwright, Alberta
Walsh, Alberta
WanderingRiver, Alberta
Wanham, Alberta
Warburg, Alberta
Warner, Alberta
Warspite, Alberta
Waskatenau, Alberta
Wembley, Alberta
Westlock, Alberta
Wetaskiwin, Alberta
Whitecourt, Alberta
Whitelaw, Alberta
Widewater, Alberta
Wildwood, Alberta
Willingdon, Alberta
Winfield, Alberta
Woking, Alberta
Worsley, Alberta
Wrentham, Alberta
Youngstown, Alberta
100MileHouse, BritishColumbia
108MileHouse, BritishColumbia
108MileRanch, BritishColumbia
150MileHouse, BritishColumbia
Abbotsford, BritishColumbia
Agassiz, BritishColumbia
Ahousat, BritishColumbia
Aldergrove, BritishColumbia
AlertBay, BritishColumbia
AlexisCreek, BritishColumbia
AlkaliLake, BritishColumbia
Armstrong, BritishColumbia
Ashcroft, BritishColumbia
Atlin, BritishColumbia
Avola, BritishColumbia
Balfour, BritishColumbia
Bamfield, BritishColumbia
Barriere, BritishColumbia
BeachGrove, BritishColumbia
BearLake, BritishColumbia
BeaverCove, BritishColumbia
Beaverdell, BritishColumbia
BellaBella, BritishColumbia
BellaCoola, BritishColumbia
BlackCreek, BritishColumbia
BlackPoint, BritishColumbia
BlueRiver, BritishColumbia
BobQuinnLake, BritishColumbia
BostonBar, BritishColumbia
Boswell, BritishColumbia
BowenIsland, BritishColumbia
Bowser, BritishColumbia
BridgeLake, BritishColumbia
BritanniaBeach, BritishColumbia
Burnaby, BritishColumbia
BurnsLake, BritishColumbia
CacheCreek, BritishColumbia
CampbellRiver, BritishColumbia
CanalFlats, BritishColumbia
Cassiar, BritishColumbia
Castlegar, BritishColumbia
Celista, BritishColumbia
Chase, BritishColumbia
Chemainus, BritishColumbia
Chetwynd, BritishColumbia
Chilliwack, BritishColumbia
ChristinaLake, BritishColumbia
Clearwater, BritishColumbia
Clinton, BritishColumbia
CobbleHill, BritishColumbia
Colwood, BritishColumbia
Comox, BritishColumbia
Coquitlam, BritishColumbia
Courtenay, BritishColumbia
CowichanBay, BritishColumbia
Cranbrook, BritishColumbia
CrawfordBay, BritishColumbia
CrescentBeach, BritishColumbia
Creston, BritishColumbia
Cumberland, BritishColumbia
D`Arcy, BritishColumbia
DawsonCreek, BritishColumbia
DeaseLake, BritishColumbia
Delta, BritishColumbia
Donald, BritishColumbia
DouglasLake, BritishColumbia
Duncan, BritishColumbia
Dunster, BritishColumbia
EastPine, BritishColumbia
Elkford, BritishColumbia
Elko, BritishColumbia
Enderby, BritishColumbia
EstevanPoint, BritishColumbia
FairmontHotSprings, BritishColumbia
Falkland, BritishColumbia
Fauquier, BritishColumbia
Fernie, BritishColumbia
Field, BritishColumbia
Flatrock, BritishColumbia
ForestGrove, BritishColumbia
FortFraser, BritishColumbia
FortNelson, BritishColumbia
FortSt.James, BritishColumbia
FortSt.John, BritishColumbia
FraserLake, BritishColumbia
Fruitvale, BritishColumbia
Gabriola, BritishColumbia
GalianoIsland, BritishColumbia
Ganges, BritishColumbia
Gibsons, BritishColumbia
Giscome, BritishColumbia
GoldBridge, BritishColumbia
GoldRiver, BritishColumbia
Golden, BritishColumbia
GoodHopeLake, BritishColumbia
GrandForks, BritishColumbia
Granisle, BritishColumbia
Grasmere, BritishColumbia
GrassyPlains, BritishColumbia
Greenville, BritishColumbia
Greenwood, BritishColumbia
HartleyBay, BritishColumbia
Hazelton, BritishColumbia
Hedley, BritishColumbia
HemlockValley, BritishColumbia
HendrixLake, BritishColumbia
Hixon, BritishColumbia
Holberg, BritishColumbia
Hope, BritishColumbia
Horsefly, BritishColumbia
Houston, BritishColumbia
Hudson`sHope, BritishColumbia
Invermere, BritishColumbia
Iskut, BritishColumbia
Jaffray, BritishColumbia
Kamloops, BritishColumbia
Kaslo, BritishColumbia
Kelowna, BritishColumbia
Kemano, BritishColumbia
Keremeos, BritishColumbia
Kimberley, BritishColumbia
Kincolith, BritishColumbia
Kitimat, BritishColumbia
Kitkatla, BritishColumbia
Kitsault, BritishColumbia
Kitwanga, BritishColumbia
Klemtu, BritishColumbia
Kyuquot, BritishColumbia
LaclaHache, BritishColumbia
Ladysmith, BritishColumbia
LakeCowichan, BritishColumbia
Langara, BritishColumbia
Langley, BritishColumbia
Lantzville, BritishColumbia
Likely, BritishColumbia
Lillooet, BritishColumbia
LittleFort, BritishColumbia
LoganLake, BritishColumbia
Loos, BritishColumbia
LowerPost, BritishColumbia
Lumby, BritishColumbia
Lytton, BritishColumbia
Mackenzie, BritishColumbia
MapleRidge, BritishColumbia
Masset, BritishColumbia
McBride, BritishColumbia
McLeeseLake, BritishColumbia
McLeodLake, BritishColumbia
Merritt, BritishColumbia
MicaCreek, BritishColumbia
Midway, BritishColumbia
Mission, BritishColumbia
Montney, BritishColumbia
Moyie, BritishColumbia
MunchoLake, BritishColumbia
Nakusp, BritishColumbia
Nanaimo, BritishColumbia
Naramata, BritishColumbia
Nelson, BritishColumbia
NewAiyansh, BritishColumbia
NewDenver, BritishColumbia
NewWestminster, BritishColumbia
NimpoLake, BritishColumbia
NorthSaanich, BritishColumbia
NorthVancouver, BritishColumbia
OceanFalls, BritishColumbia
OceanPark, BritishColumbia
OkanaganFalls, BritishColumbia
Oliver, BritishColumbia
Osoyoos, BritishColumbia
Oyama, BritishColumbia
Parksville, BritishColumbia
Parson, BritishColumbia
Peachland, BritishColumbia
Pemberton, BritishColumbia
Penticton, BritishColumbia
PittMeadows, BritishColumbia
PortAlberni, BritishColumbia
PortAlice, BritishColumbia
PortClements, BritishColumbia
PortCoquitlam, BritishColumbia
PortEdward, BritishColumbia
PortHardy, BritishColumbia
PortMcNeill, BritishColumbia
PortMellon, BritishColumbia
PortMoody, BritishColumbia
PortRenfrew, BritishColumbia
PouceCoupe, BritishColumbia
PowellRiver, BritishColumbia
Prespatou, BritishColumbia
PrinceGeorge, BritishColumbia
PrinceRupert, BritishColumbia
Princeton, BritishColumbia
ProphetRiver, BritishColumbia
QuadraIsland, BritishColumbia
QualicumBeach, BritishColumbia
QueenCharlotte, BritishColumbia
Quesnel, BritishColumbia
RadiumHotSprings, BritishColumbia
RedRock, BritishColumbia
Revelstoke, BritishColumbia
Richmond, BritishColumbia
Riondel, BritishColumbia
RiskeCreek, BritishColumbia
RockCreek, BritishColumbia
Rolla, BritishColumbia
Rossland, BritishColumbia
Saanich, BritishColumbia
Salmo, BritishColumbia
SalmonArm, BritishColumbia
SalmonValley, BritishColumbia
Sandspit, BritishColumbia
Savona, BritishColumbia
Sayward, BritishColumbia
Sechelt, BritishColumbia
Shalalth, BritishColumbia
Sicamous, BritishColumbia
Sidney, BritishColumbia
Skookumchuck, BritishColumbia
Slocan, BritishColumbia
Smithers, BritishColumbia
Sointula, BritishColumbia
Sooke, BritishColumbia
Sorrento, BritishColumbia
SouthSlocan, BritishColumbia
Sparwood, BritishColumbia
SpencesBridge, BritishColumbia
Spillimacheen, BritishColumbia
Squamish, BritishColumbia
Stewart, BritishColumbia
Summerland, BritishColumbia
SummitLake, BritishColumbia
Surrey, BritishColumbia
Tachie, BritishColumbia
Tahsis, BritishColumbia
TatlaLake, BritishColumbia
Taylor, BritishColumbia
TelegraphCreek, BritishColumbia
Telkwa, BritishColumbia
Terrace, BritishColumbia
Thrums, BritishColumbia
ToadRiver, BritishColumbia
Tofino, BritishColumbia
Topley, BritishColumbia
Trail, BritishColumbia
TroutLake, BritishColumbia
TsayKehDene, BritishColumbia
TumblerRidge, BritishColumbia
Ucluelet, BritishColumbia
Valemount, BritishColumbia
Vallican, BritishColumbia
VanAnda, BritishColumbia
Vancouver, BritishColumbia
Vanderhoof, BritishColumbia
Vavenby, BritishColumbia
Vernon, BritishColumbia
Victoria, BritishColumbia
ViewRoyal, BritishColumbia
Wells, BritishColumbia
WestVancouver, BritishColumbia
Westbank, BritishColumbia
Westwold, BritishColumbia
Whistler, BritishColumbia
WhiteRock, BritishColumbia
WilliamsLake, BritishColumbia
Willowbrook, BritishColumbia
Winfield, BritishColumbia
WinterHarbour, BritishColumbia
Wonowon, BritishColumbia
Wynndel, BritishColumbia
Yahk, BritishColumbia
Yale, BritishColumbia
Youbou, BritishColumbia
Zeballos, BritishColumbia
AgassizProvincialForest, Manitoba
Alexander, Manitoba
Alonsa, Manitoba
Altona, Manitoba
Arborg, Manitoba
Ashern, Manitoba
Austin, Manitoba
Baldur, Manitoba
Basswood, Manitoba
Beausejour, Manitoba
Belmont, Manitoba
Benito, Manitoba
BerensRiver, Manitoba
Beulah, Manitoba
Binscarth, Manitoba
Birtle, Manitoba
Bissett, Manitoba
Boissevain, Manitoba
Brandon, Manitoba
Brochet, Manitoba
Brookdale, Manitoba
Camperville, Manitoba
Carberry, Manitoba
Carman, Manitoba
Cartwright, Manitoba
Churchill, Manitoba
Cormorant, Manitoba
Cowan, Manitoba
CranberryPortage, Manitoba
Crandall, Manitoba
CrossLake, Manitoba
CrystalCity, Manitoba
CypressRiver, Manitoba
Darlingford, Manitoba
Dauphin, Manitoba
Deloraine, Manitoba
DominionCity, Manitoba
Dugald, Manitoba
Easterville, Manitoba
Eddystone, Manitoba
Edwin, Manitoba
Elgin, Manitoba
Elie, Manitoba
Elkhorn, Manitoba
ElmCreek, Manitoba
Emerson, Manitoba
Erickson, Manitoba
Eriksdale, Manitoba
Ethelbert, Manitoba
FalconLake, Manitoba
FisherBranch, Manitoba
FisherRiver, Manitoba
FlinFlon, Manitoba
ForkRiver, Manitoba
Foxwarren, Manitoba
GilbertPlains, Manitoba
Gillam, Manitoba
Gimli, Manitoba
Gladstone, Manitoba
Glenboro, Manitoba
Glenella, Manitoba
GodsLakeNarrows, Manitoba
GrandBeach, Manitoba
GrandRapids, Manitoba
Grandview, Manitoba
Gretna, Manitoba
Gypsumville, Manitoba
Hadashville, Manitoba
Hamiota, Manitoba
Hartney, Manitoba
Hecla, Manitoba
Holland, Manitoba
Ilford, Manitoba
Inwood, Manitoba
IslandLake, Manitoba
Kelwood, Manitoba
Kenton, Manitoba
Killarney, Manitoba
LaBroquerie, Manitoba
LacBrochet, Manitoba
LacduBonnet, Manitoba
Langruth, Manitoba
LeafRapids, Manitoba
Libau, Manitoba
LittleGrandRapids, Manitoba
Lockport, Manitoba
Lundar, Manitoba
LynnLake, Manitoba
MacGregor, Manitoba
Mafeking, Manitoba
Manigotagan, Manitoba
Manitou, Manitoba
McAuley, Manitoba
McCreary, Manitoba
Melita, Manitoba
Miami, Manitoba
Miniota, Manitoba
Minnedosa, Manitoba
Minto, Manitoba
MooseLake, Manitoba
Morden, Manitoba
Morris, Manitoba
Neepawa, Manitoba
NelsonHouse, Manitoba
Newdale, Manitoba
Niverville, Manitoba
NorwayHouse, Manitoba
NotreDamedeLourdes, Manitoba
OakLake, Manitoba
OakRiver, Manitoba
Oakville, Manitoba
OchreRiver, Manitoba
OxfordHouse, Manitoba
Peguis, Manitoba
PelicanRapids, Manitoba
Pikwitonei, Manitoba
PilotMound, Manitoba
Pinawa, Manitoba
PineDock, Manitoba
PineFalls, Manitoba
PineRiver, Manitoba
Piney, Manitoba
PlumCoulee, Manitoba
Plumas, Manitoba
PointeduBois, Manitoba
PoplarRiver, Manitoba
Poplarfield, Manitoba
PortagelaPrairie, Manitoba
RapidCity, Manitoba
Rathwell, Manitoba
RedSuckerLake, Manitoba
Rennie, Manitoba
Reston, Manitoba
Rivers, Manitoba
Riverton, Manitoba
Roblin, Manitoba
Roland, Manitoba
Rorketon, Manitoba
Rossburn, Manitoba
Russell, Manitoba
SandyLake, Manitoba
Sanford, Manitoba
Selkirk, Manitoba
Shamattawa, Manitoba
Shilo, Manitoba
ShoalLake, Manitoba
Sidney, Manitoba
Sifton, Manitoba
SnowLake, Manitoba
Snowflake, Manitoba
Somerset, Manitoba
Souris, Manitoba
SouthIndianLake, Manitoba
Sperling, Manitoba
SplitLake, Manitoba
Sprague, Manitoba
St.Claude, Manitoba
St.FrancoisXavier, Manitoba
St.JeanBaptiste, Manitoba
St.Laurent, Manitoba
St.Lazare, Manitoba
Starbuck, Manitoba
Ste.Agathe, Manitoba
Ste.RoseduLac, Manitoba
SteepRock, Manitoba
Steinbach, Manitoba
Stonewall, Manitoba
St-Pierre-Jolys, Manitoba
Strathclair, Manitoba
SwanLake, Manitoba
SwanRiver, Manitoba
TadouleLake, Manitoba
Teulon, Manitoba
ThePas, Manitoba
ThicketPortage, Manitoba
Thompson, Manitoba
Treherne, Manitoba
Virden, Manitoba
Vita, Manitoba
Waasagomach, Manitoba
Wabowden, Manitoba
Wanless, Manitoba
Wasagaming, Manitoba
Waterhen, Manitoba
Wawanesa, Manitoba
Whitemouth, Manitoba
Winkler, Manitoba
Winnipeg, Manitoba
WinnipegBeach, Manitoba
Winnipegosis, Manitoba
Woodridge, Manitoba
Albert, NewBrunswick
AlbertMines, NewBrunswick
Allardville, NewBrunswick
Alma, NewBrunswick
Baie-Ste-Anne, NewBrunswick
BakerBrook, NewBrunswick
Balmoral, NewBrunswick
Bath, NewBrunswick
Bathurst, NewBrunswick
Belledune, NewBrunswick
Beresford, NewBrunswick
BlacksHarbour, NewBrunswick
Blackville, NewBrunswick
Boiestown, NewBrunswick
Bouctouche, NewBrunswick
BrownsFlat, NewBrunswick
Campbellton, NewBrunswick
CampobelloIsland, NewBrunswick
Canterbury, NewBrunswick
Cap-Pele, NewBrunswick
Caraquet, NewBrunswick
Centreville, NewBrunswick
Chatham, NewBrunswick
Chipman, NewBrunswick
Clair, NewBrunswick
ClarksCorners, NewBrunswick
Cocagne, NewBrunswick
Dalhousie, NewBrunswick
Debec, NewBrunswick
Dieppe, NewBrunswick
Doaktown, NewBrunswick
Dorchester, NewBrunswick
Edmundston, NewBrunswick
Florenceville, NewBrunswick
FordsMills, NewBrunswick
Fredericton, NewBrunswick
FrederictonJunction, NewBrunswick
Gagetown, NewBrunswick
Glassville, NewBrunswick
GrandBay, NewBrunswick
GrandFalls, NewBrunswick
GrandManan, NewBrunswick
Grande-Anse, NewBrunswick
Grand-Sault, NewBrunswick
Hampstead, NewBrunswick
Hampton, NewBrunswick
Harewood, NewBrunswick
Hartland, NewBrunswick
Havelock, NewBrunswick
Hillsborough, NewBrunswick
Hoyt, NewBrunswick
JacquetRiver, NewBrunswick
Kedgwick, NewBrunswick
Keswick, NewBrunswick
Lameque, NewBrunswick
MacesBay, NewBrunswick
McAdam, NewBrunswick
Meductic, NewBrunswick
Memramcook, NewBrunswick
Millville, NewBrunswick
Minto, NewBrunswick
Miramichi, NewBrunswick
MiscouIsland, NewBrunswick
Moncton, NewBrunswick
Nackawic, NewBrunswick
Neguac, NewBrunswick
NewDenmark, NewBrunswick
Norton, NewBrunswick
Oromocto, NewBrunswick
Paquetville, NewBrunswick
Perth-Andover, NewBrunswick
PetitRocher, NewBrunswick
Petitcodiac, NewBrunswick
PlasterRock, NewBrunswick
PortElgin, NewBrunswick
Quispamsis, NewBrunswick
RedBank, NewBrunswick
Richibucto, NewBrunswick
Riverview, NewBrunswick
Rogersville, NewBrunswick
Rothesay, NewBrunswick
Sackville, NewBrunswick
SaintAndrews, NewBrunswick
SaintJohn, NewBrunswick
Salisbury, NewBrunswick
Shediac, NewBrunswick
Shippagan, NewBrunswick
Springfield, NewBrunswick
St.George, NewBrunswick
St.Leonard, NewBrunswick
St.Martins, NewBrunswick
St.Stephen, NewBrunswick
Stanley, NewBrunswick
St-Antoine, NewBrunswick
St-Basile, NewBrunswick
Ste-Anne-de-Madawaska, NewBrunswick
St-Isidore, NewBrunswick
St-LouisdeKent, NewBrunswick
St-Quentin, NewBrunswick
Summerville, NewBrunswick
Sussex, NewBrunswick
Tabusintac, NewBrunswick
TobiqueFirstNation, NewBrunswick
Tracadie-Sheila, NewBrunswick
Welsford, NewBrunswick
Westfield, NewBrunswick
Woodstock, NewBrunswick
Young`sCoveRoad, NewBrunswick
Appleton, Newfoundland
Argentia, Newfoundland
Arnold`sCove, Newfoundland
Avondale, Newfoundland
Badger, Newfoundland
BaieVerte, Newfoundland
Batteau, Newfoundland
BattleHarbour, Newfoundland
Bauline, Newfoundland
BayBulls, Newfoundland
BaydeVerde, Newfoundland
BayL`Argent, Newfoundland
BayRoberts, Newfoundland
Beaumont, Newfoundland
BellIsland, Newfoundland
Belleoram, Newfoundland
Bellevue, Newfoundland
Benoit`sCove, Newfoundland
BirchyBay, Newfoundland
Bishop`sFalls, Newfoundland
BlackDuckCove, Newfoundland
BlackTickle, Newfoundland
Bonavista, Newfoundland
Botwood, Newfoundland
Boyd`sCove, Newfoundland
Branch, Newfoundland
Brent`sCove, Newfoundland
Brigus, Newfoundland
Buchans, Newfoundland
Burgeo, Newfoundland
Burin, Newfoundland
Burlington, Newfoundland
BurntIslands, Newfoundland
Campbellton, Newfoundland
CapeBroyle, Newfoundland
Carbonear, Newfoundland
Carmanville, Newfoundland
Cartwright, Newfoundland
Catalina, Newfoundland
Centreville-Wareham-Trinity, Newfoundland
ChanceCove, Newfoundland
Changeislands, Newfoundland
ChapelArm, Newfoundland
Charlottetown, Newfoundland
ChurchillFalls, Newfoundland
Clarenville, Newfoundland
Clarenville-ShoalHarbour, Newfoundland
Clarke`sBeach, Newfoundland
Codroy, Newfoundland
Colliers, Newfoundland
ComeByChance, Newfoundland
ComfortCove-Newstead, Newfoundland
ConceptionBaySouth, Newfoundland
ConceptionHarbour, Newfoundland
Conche, Newfoundland
ConneRiver, Newfoundland
Cook`sHarbour, Newfoundland
CornerBrook, Newfoundland
Cottlesville, Newfoundland
CowHead, Newfoundland
Cupids, Newfoundland
Daniel`sHarbour, Newfoundland
DavisInlet, Newfoundland
DeerLake, Newfoundland
Dover, Newfoundland
Eastport, Newfoundland
Elliston, Newfoundland
Embree, Newfoundland
Englee, Newfoundland
EnglishHarbourEast, Newfoundland
FairHaven, Newfoundland
Fermeuse, Newfoundland
Flatrock, Newfoundland
FleurdeLys, Newfoundland
Flower`sCove, Newfoundland
Fogo, Newfoundland
Forteau, Newfoundland
Fortune, Newfoundland
FoxCove-Mortier, Newfoundland
FrenchmansIsland, Newfoundland
Freshwater, Newfoundland
Gambo, Newfoundland
Gander, Newfoundland
Garnish, Newfoundland
Gaultois, Newfoundland
Glenwood, Newfoundland
Glovertown, Newfoundland
GooseBay, Newfoundland
GrandBank, Newfoundland
GrandFalls, Newfoundland
GrandFalls-Windsor, Newfoundland
GreatHarbourDeep, Newfoundland
GreenIslandCove, Newfoundland
Greenspond, Newfoundland
Hampden, Newfoundland
Hant`sHarbour, Newfoundland
HappyValley-GooseBay, Newfoundland
HarbourBreton, Newfoundland
HarbourGrace, Newfoundland
HarbourMain-ChapelCove-Lakev, Newfoundland
HareBay, Newfoundland
Hawke`sBay, Newfoundland
Heart`sContent, Newfoundland
Heart`sDelight-Islington, Newfoundland
Heart`sDesire, Newfoundland
Hickman`sHarbour, Newfoundland
Hillgrade, Newfoundland
Hillview, Newfoundland
Holyrood, Newfoundland
Hopedale, Newfoundland
Howley, Newfoundland
HumberArmSouth, Newfoundland
IndianTickle, Newfoundland
IslandHarbour, Newfoundland
IsleauxMorts, Newfoundland
Jackson`sArm, Newfoundland
Jamestown, Newfoundland
JoeBatt`sArm-Barr`dIslands-, Newfoundland
King`sCove, Newfoundland
King`sPoint, Newfoundland
Kippens, Newfoundland
L`Anse-au-Loup, Newfoundland
LaScie, Newfoundland
LabradorCity, Newfoundland
LadleCove, Newfoundland
Lamaline, Newfoundland
LarkHarbour, Newfoundland
Lawn, Newfoundland
Lewisporte, Newfoundland
LittleBay, Newfoundland
LittleBayIslands, Newfoundland
LittleBurntBay, Newfoundland
LittleCatalina, Newfoundland
LittleHeart`sEase, Newfoundland
LogyBay-MiddleCove-OuterCov, Newfoundland
LongHarbour-MountArlingtonH, Newfoundland
LongPond, Newfoundland
Lourdes, Newfoundland
LowerIslandCove, Newfoundland
Lumsden, Newfoundland
MainBrook, Newfoundland
Makkovik, Newfoundland
Mary`sHarbour, Newfoundland
Marystown, Newfoundland
MasseyDrive, Newfoundland
McIver`s, Newfoundland
Millertown, Newfoundland
Milltown-HeadofBayD`Espoir, Newfoundland
Ming`sBight, Newfoundland
Monkstown, Newfoundland
MountCarmel-MitchellsBrook-S, Newfoundland
MountMoriah, Newfoundland
MountPearl, Newfoundland
MusgraveHarbour, Newfoundland
Musgravetown, Newfoundland
Nain, Newfoundland
NewHarbour, Newfoundland
NewPerlican, Newfoundland
New-Wes-Valley, Newfoundland
NippersHarbour, Newfoundland
Norman`sCove-LongCove, Newfoundland
NorrisArm, Newfoundland
NorthWestRiver, Newfoundland
NorthernArm, Newfoundland
OldPerlican, Newfoundland
PacksHarbour, Newfoundland
Pacquet, Newfoundland
Paradise, Newfoundland
ParadiseRiver, Newfoundland
Pasadena, Newfoundland
Peterview, Newfoundland
PettyHarbour-MaddoxCove, Newfoundland
Placentia, Newfoundland
PlateCoveEast, Newfoundland
PointLeamington, Newfoundland
Pool`sCove, Newfoundland
PortauChoix, Newfoundland
PortauPortWest-Aguathuna-Fe, Newfoundland
PortAuxBasques, Newfoundland
PortBlandford, Newfoundland
PortHopeSimpson, Newfoundland
PortRexton, Newfoundland
PortSaunders, Newfoundland
PortUnion, Newfoundland
PortugalCove-St.Philip`s, Newfoundland
Postville, Newfoundland
PouchCove, Newfoundland
Princeton, Newfoundland
Raleigh, Newfoundland
Ramea, Newfoundland
RedBay, Newfoundland
ReefsHarbour, Newfoundland
RencontreEast, Newfoundland
Rigolet, Newfoundland
RiverofPonds, Newfoundland
Robert`sArm, Newfoundland
RockyHarbour, Newfoundland
Roddickton, Newfoundland
RoseBlanche-HarbourLeCou, Newfoundland
Rushoon, Newfoundland
SalmonCove, Newfoundland
Salvage, Newfoundland
SealCove, Newfoundland
Seldom-LittleSeldom, Newfoundland
SmallPoint-BroadCove-Blackhe, Newfoundland
SouthBrook, Newfoundland
SouthRiver, Newfoundland
SouthernHarbour, Newfoundland
Spaniard`sBay, Newfoundland
SpottedIsland, Newfoundland
Springdale, Newfoundland
St.Alban`s, Newfoundland
St.Anthony, Newfoundland
St.Bernard`s-JacquesFontaine, Newfoundland
St.Brendan`s, Newfoundland
St.Bride`s, Newfoundland
St.George`s, Newfoundland
St.Jacques-Coomb`sCove, Newfoundland
St.John`s, Newfoundland
St.Lawrence, Newfoundland
St.Lewis, Newfoundland
St.Lunaire-Griquet, Newfoundland
St.Mary`s, Newfoundland
St.Vincent`s-St.Stephen`s-Pe, Newfoundland
SteadyBrook, Newfoundland
Stephenville, Newfoundland
StephenvilleCrossing, Newfoundland
Summerford, Newfoundland
Summerside, Newfoundland
Sunnyside, Newfoundland
TerraNova, Newfoundland
Terrenceville, Newfoundland
Torbay, Newfoundland
Trepassey, Newfoundland
Triton, Newfoundland
TroutRiver, Newfoundland
Twillingate, Newfoundland
UpperIslandCove, Newfoundland
Victoria, Newfoundland
Wabana, Newfoundland
Wabush, Newfoundland
Wesleyville, Newfoundland
WesternBay, Newfoundland
Westport, Newfoundland
Whitbourne, Newfoundland
Winterton, Newfoundland
WitlessBay, Newfoundland
WoodyPoint, Newfoundland
Aklavik, NorthwestTerritories
Edzo, NorthwestTerritories
Enterprise, NorthwestTerritories
FortGoodHope, NorthwestTerritories
FortLiard, NorthwestTerritories
FortMcPherson, NorthwestTerritories
FortProvidence, NorthwestTerritories
FortSimpson, NorthwestTerritories
FortSmith, NorthwestTerritories
HayRiver, NorthwestTerritories
Inuvik, NorthwestTerritories
JeanMarieRiver, NorthwestTerritories
Kakisa, NorthwestTerritories
Kugluktuk, NorthwestTerritories
NahanniButte, NorthwestTerritories
NormanWells, NorthwestTerritories
Rae, NorthwestTerritories
RaeLakes, NorthwestTerritories
TroutLake, NorthwestTerritories
Tsiigehtchic, NorthwestTerritories
Tuktoyaktuk, NorthwestTerritories
Wrigley, NorthwestTerritories
Yellowknife, NorthwestTerritories
AdvocateHarbour, NovaScotia
Amherst, NovaScotia
AnnapolisRoyal, NovaScotia
Antigonish, NovaScotia
Argyle, NovaScotia
Arichat, NovaScotia
Aylesford, NovaScotia
Baddeck, NovaScotia
BassRiver, NovaScotia
BearRiver, NovaScotia
Berwick, NovaScotia
Blandford, NovaScotia
Boisdale, NovaScotia
Boularderie, NovaScotia
Bridgetown, NovaScotia
Bridgewater, NovaScotia
Brookfield, NovaScotia
Canning, NovaScotia
Canso, NovaScotia
Caribou, NovaScotia
Carleton, NovaScotia
Chelsea, NovaScotia
Chester, NovaScotia
Cheticamp, NovaScotia
Cheverie, NovaScotia
Clark`sHarbour, NovaScotia
Clarksville, NovaScotia
CollingwoodCorner, NovaScotia
Dartmouth, NovaScotia
Debert, NovaScotia
Digby, NovaScotia
Dingwall, NovaScotia
Dundee, NovaScotia
EastBay, NovaScotia
EcumSecum, NovaScotia
Elmsdale, NovaScotia
Eskasoni, NovaScotia
Freeport, NovaScotia
FrenchVillage, NovaScotia
Gabarus, NovaScotia
GlaceBay, NovaScotia
Goldboro, NovaScotia
Goshen, NovaScotia
GrandEtang, NovaScotia
GrandLake, NovaScotia
GrandNarrows, NovaScotia
GreatVillage, NovaScotia
Greenwood, NovaScotia
Guysborough, NovaScotia
Halifax, NovaScotia
Hantsport, NovaScotia
Heatherton, NovaScotia
Hopewell, NovaScotia
Hubbards, NovaScotia
Ingonish, NovaScotia
Inverness, NovaScotia
Kennetcook, NovaScotia
Kentville, NovaScotia
Kenzieville, NovaScotia
KetchHarbour, NovaScotia
Kingston, NovaScotia
L`Ardoise, NovaScotia
LaHave, NovaScotia
LakeCharlotte, NovaScotia
LarrysRiver, NovaScotia
Lawrencetown, NovaScotia
Liverpool, NovaScotia
Lockeport, NovaScotia
Louisbourg, NovaScotia
Louisdale, NovaScotia
Lunenburg, NovaScotia
Mabou, NovaScotia
Maccan, NovaScotia
MahoneBay, NovaScotia
Maitland, NovaScotia
MargareeForks, NovaScotia
MarionBridge, NovaScotia
Melrose, NovaScotia
Merigomish, NovaScotia
Meteghan, NovaScotia
Middleton, NovaScotia
Monastery, NovaScotia
MountUniacke, NovaScotia
Mulgrave, NovaScotia
MusquodoboitHarbour, NovaScotia
NewGermany, NovaScotia
NewGlasgow, NovaScotia
NewRoss, NovaScotia
NewWaterford, NovaScotia
Noel, NovaScotia
NorthSydney, NovaScotia
Oxford, NovaScotia
Parrsboro, NovaScotia
Peggy`sCove, NovaScotia
Pictou, NovaScotia
PortBickerton, NovaScotia
PortDufferin, NovaScotia
PortGreville, NovaScotia
PortHawkesbury, NovaScotia
PortHood, NovaScotia
PortLaTour, NovaScotia
PortMaitland, NovaScotia
PortMorien, NovaScotia
PortMouton, NovaScotia
Pubnico, NovaScotia
Pugwash, NovaScotia
Queensport, NovaScotia
RiverHebert, NovaScotia
RiverJohn, NovaScotia
Riverport, NovaScotia
SaltSprings, NovaScotia
Saulnierville, NovaScotia
Shelburne, NovaScotia
Sherbrooke, NovaScotia
Shubenacadie, NovaScotia
Southampton, NovaScotia
Springfield, NovaScotia
Springhill, NovaScotia
St.MargaretVillage, NovaScotia
St.Peter`s, NovaScotia
Stellarton, NovaScotia
Stewiacke, NovaScotia
Sydney, NovaScotia
Tangier, NovaScotia
Tatamagouche, NovaScotia
Thorburn, NovaScotia
Trenton, NovaScotia
Truro, NovaScotia
Tusket, NovaScotia
UpperMusquodoboit, NovaScotia
UpperStewiacke, NovaScotia
Wallace, NovaScotia
Walton, NovaScotia
Waverley, NovaScotia
Wedgeport, NovaScotia
Westville, NovaScotia
Weymouth, NovaScotia
Whycocomagh, NovaScotia
Windsor, NovaScotia
Wolfville, NovaScotia
Yarmouth, NovaScotia
Arviat, Nunavut
BakerLake, Nunavut
CambridgeBay, Nunavut
CapeDorset, Nunavut
ChesterfieldInlet, Nunavut
CoralHarbour, Nunavut
GjoaHaven, Nunavut
Iqaluit, Nunavut
RankinInlet, Nunavut
Resolute, Nunavut
WhaleCove, Nunavut
Aberarder, Ontario
AbitibiCanyon, Ontario
Acton, Ontario
Adolphustown, Ontario
AilsaCraig, Ontario
Ajax, Ontario
Alban, Ontario
AldervilleFirstNation, Ontario
Alexandria, Ontario
Alfred, Ontario
AlgomaMills, Ontario
Alliston, Ontario
Almonte, Ontario
Alvinston, Ontario
Amherstburg, Ontario
Ancaster, Ontario
Angus, Ontario
Apsley, Ontario
Arden, Ontario
Arkell, Ontario
Arkona, Ontario
Armstrong, Ontario
Arnprior, Ontario
Arthur, Ontario
Athens, Ontario
Atikokan, Ontario
Attawapiskat, Ontario
Atwood, Ontario
Auburn, Ontario
Aurora, Ontario
Avonmore, Ontario
Aylmer, Ontario
Ayr, Ontario
Ayton, Ontario
Azilda, Ontario
Baden, Ontario
Bailieboro, Ontario
Bala, Ontario
Balmertown, Ontario
Baltimore, Ontario
Bancroft, Ontario
Barrie, Ontario
Barry`sBay, Ontario
Barwick, Ontario
Batawa, Ontario
BatchawanaBay, Ontario
Bath, Ontario
Bayfield, Ontario
Baysville, Ontario
Beachburg, Ontario
Beachville, Ontario
Beamsville, Ontario
Bear`sPassage, Ontario
Beardmore, Ontario
BearskinLake, Ontario
BearskinLakeFirstNation, Ontario
Beaverton, Ontario
Beeton, Ontario
BelleRiver, Ontario
Belleville, Ontario
Belmont, Ontario
Bethany, Ontario
Bethesda, Ontario
BigTroutLake, Ontario
Binbrook, Ontario
BirchIsland, Ontario
Biscotasing, Ontario
Blackstock, Ontario
Blenheim, Ontario
BlezardValley, Ontario
BlindRiver, Ontario
Bloomfield, Ontario
Blyth, Ontario
Bobcaygeon, Ontario
Bolton, Ontario
Bonfield, Ontario
Borden, Ontario
Bothwell, Ontario
Bourget, Ontario
Bowmanville, Ontario
Bracebridge, Ontario
Bradford, Ontario
BradfordWestGwillimbury, Ontario
Braeside, Ontario
Brampton, Ontario
Brantford, Ontario
Brechin, Ontario
Breslau, Ontario
Bridgenorth, Ontario
Brigden, Ontario
Bright, Ontario
Brighton, Ontario
BrightsGrove, Ontario
Britt, Ontario
Brockville, Ontario
Brooklin, Ontario
Brownsville, Ontario
BruceMines, Ontario
Brussels, Ontario
Buckhorn, Ontario
Burford, Ontario
Burgessville, Ontario
Burk`sFalls, Ontario
BurleighFalls, Ontario
Burlington, Ontario
CacheBay, Ontario
Calabogie, Ontario
Caledon, Ontario
CaledonEast, Ontario
Caledonia, Ontario
Callander, Ontario
Calstock, Ontario
Cambray, Ontario
Cambridge, Ontario
Cameron, Ontario
Camlachie, Ontario
Campbellford, Ontario
Campbellville, Ontario
Cannington, Ontario
Capreol, Ontario
CaradocFirstNation, Ontario
Caramat, Ontario
Cardiff, Ontario
Cardinal, Ontario
Cargill, Ontario
CarletonPlace, Ontario
Carnarvon, Ontario
Carp, Ontario
Cartier, Ontario
Casselman, Ontario
Castlemore, Ontario
Castleton, Ontario
CatLake, Ontario
Cavan, Ontario
Cayuga, Ontario
Centralia, Ontario
ChalkRiver, Ontario
Chapleau, Ontario
Charlton, Ontario
Chatham, Ontario
Chatsworth, Ontario
Chelmsford, Ontario
Chesley, Ontario
Chesterville, Ontario
ChiefsPointFirstNation, Ontario
ChippewasofKettle/StonyPoin, Ontario
ChippewasOfSarniaFirstNati, Ontario
ChristianIsland, Ontario
Claremont, Ontario
ClarenceCreek, Ontario
Clarence-Rockland, Ontario
Clarington, Ontario
Clarkson, Ontario
ClearwaterBay, Ontario
Clifford, Ontario
Clinton, Ontario
CloudBay, Ontario
Cobalt, Ontario
Cobden, Ontario
Coboconk, Ontario
Cobourg, Ontario
Cochenour, Ontario
Cochrane, Ontario
CoeHill, Ontario
Colborne, Ontario
Colchester, Ontario
ColdSprings, Ontario
Coldwater, Ontario
Collingwood, Ontario
Comber, Ontario
Concord, Ontario
Coniston, Ontario
Connaught, Ontario
ConstanceBay, Ontario
ConstanceLakeFirstNation, Ontario
Cookstown, Ontario
Cooksville, Ontario
Cornwall, Ontario
Corunna, Ontario
Cottam, Ontario
Courtice, Ontario
Courtright, Ontario
Crediton, Ontario
Creemore, Ontario
Crysler, Ontario
CrystalBeach, Ontario
Cumberland, Ontario
Dashwood, Ontario
DeepRiver, Ontario
DeerLake, Ontario
Deerbrook, Ontario
DelawareoftheThames(Moravia, Ontario
Delhi, Ontario
Delta, Ontario
Denbigh, Ontario
Desbarats, Ontario
Deseronto, Ontario
Deux-Rivieres, Ontario
Devlin, Ontario
Dokis, Ontario
DokisFirstNation, Ontario
Dorchester, Ontario
Dorion, Ontario
Dorset, Ontario
Douglas, Ontario
Douglastown, Ontario
Drayton, Ontario
Dresden, Ontario
Drumbo, Ontario
Dryden, Ontario
Dublin, Ontario
Dubreuilville, Ontario
Dunchurch, Ontario
Dundalk, Ontario
Dundas, Ontario
Dungannon, Ontario
Dunnville, Ontario
Dunsford, Ontario
Durham, Ontario
Dutton, Ontario
Dwight, Ontario
Dyer`sBay, Ontario
EagleLakeFirstNation, Ontario
EagleRiver, Ontario
EarFalls, Ontario
Earlton, Ontario
EastGwillimbury, Ontario
EastYork, Ontario
Eastwood, Ontario
EchoBay, Ontario
Eganville, Ontario
Elgin, Ontario
Elizabethtown, Ontario
ElkLake, Ontario
ElliotLake, Ontario
Elmira, Ontario
Elmvale, Ontario
Elora, Ontario
Embro, Ontario
Embrun, Ontario
Emeryville, Ontario
Emo, Ontario
Emsdale, Ontario
Englehart, Ontario
Enterprise, Ontario
Erin, Ontario
Espanola, Ontario
Essex, Ontario
Estaire, Ontario
Etobicoke, Ontario
Eugenia, Ontario
Exeter, Ontario
Fauquier, Ontario
FenelonFalls, Ontario
Fenwick, Ontario
Fergus, Ontario
Feversham, Ontario
Field, Ontario
Finch, Ontario
Fingal, Ontario
Fisherville, Ontario
Flamborough, Ontario
Flanders, Ontario
Flesherton, Ontario
Foley, Ontario
Foleyet, Ontario
Forest, Ontario
FortAlbany, Ontario
FortErie, Ontario
FortFrances, Ontario
FortHope, Ontario
FortSevern, Ontario
FortSevernFirstNation, Ontario
FortWilliamFirstNation, Ontario
Foxboro, Ontario
Foymount, Ontario
Frankford, Ontario
Freelton, Ontario
FrenchRiverFirstNation, Ontario
Galt, Ontario
Gananoque, Ontario
GardenHill, Ontario
GardenRiverFirstNation, Ontario
Garson, Ontario
Georgetown, Ontario
Georgina, Ontario
Geraldton, Ontario
Gilmour, Ontario
GlenRobertson, Ontario
GlenWater, Ontario
GlenWilliams, Ontario
Glencoe, Ontario
Gloucester, Ontario
Goderich, Ontario
Gogama, Ontario
GoldenLake, Ontario
Gooderham, Ontario
GoreBay, Ontario
Gormley, Ontario
Gorrie, Ontario
GoulaisRiver, Ontario
Gowganda, Ontario
Grafton, Ontario
GrandBend, Ontario
GrandValley, Ontario
Granton, Ontario
GrassyNarrows, Ontario
GrassyNarrowsFirstNation, Ontario
Gravenhurst, Ontario
Greensville, Ontario
Grimsby, Ontario
Guelph, Ontario
GullBay, Ontario
GullBayFirstNation, Ontario
Hagersville, Ontario
Haileybury, Ontario
Haldimand, Ontario
Haliburton, Ontario
HaltonHills, Ontario
Hamilton, Ontario
Hampton, Ontario
Hanmer, Ontario
Hanover, Ontario
Harrietsville, Ontario
Harriston, Ontario
Harrow, Ontario
Harrowsmith, Ontario
Hastings, Ontario
Havelock, Ontario
HawkJunction, Ontario
Hawkesbury, Ontario
Hearst, Ontario
Hemlo, Ontario
Hensall, Ontario
HenveyInletFirstNation, Ontario
Hepworth, Ontario
Hespeler, Ontario
Hickson, Ontario
Highgate, Ontario
Hillsburgh, Ontario
HollandLanding, Ontario
Holstein, Ontario
HoneyHarbour, Ontario
Hornepayne, Ontario
Hudson, Ontario
Humphrey, Ontario
Huntsville, Ontario
Ignace, Ontario
Ilderton, Ontario
Ingersoll, Ontario
Ingleside, Ontario
Innerkip, Ontario
Innisfil, Ontario
Inverary, Ontario
Inwood, Ontario
IronBridge, Ontario
Iroquois, Ontario
IroquoisFalls, Ontario
JaffrayMelick, Ontario
Jarvis, Ontario
Jasper, Ontario
Jellicoe, Ontario
Jockvale, Ontario
Johnstown, Ontario
Jordan, Ontario
Kaministiquia, Ontario
Kamiskotia, Ontario
Kanata, Ontario
Kapuskasing, Ontario
KasabonikaFirstNation, Ontario
KashechewanFirstNation, Ontario
Kearney, Ontario
Keene, Ontario
Keewatin, Ontario
Kemptville, Ontario
Kenora, Ontario
KentCentre, Ontario
Kerwood, Ontario
Keswick, Ontario
Killaloe, Ontario
Killarney, Ontario
Kincardine, Ontario
KingCity, Ontario
KingfisherLake, Ontario
KingfisherLakeFirstNation, Ontario
Kingston, Ontario
Kingsville, Ontario
Kinmount, Ontario
Kintore, Ontario
Kirkfield, Ontario
KirklandLake, Ontario
Kirkton, Ontario
Kitchener, Ontario
Kleinburg, Ontario
L`Orignal, Ontario
LaclaCroix, Ontario
LacSeulFirstNation, Ontario
Lafontaine, Ontario
LagoonCity, Ontario
Lakefield, Ontario
Lambeth, Ontario
Lanark, Ontario
Lancaster, Ontario
Langton, Ontario
Lansdowne, Ontario
LansdowneHouse, Ontario
LarderLake, Ontario
LaSalle, Ontario
Latchford, Ontario
Leamington, Ontario
Lefroy, Ontario
Levack, Ontario
Lincoln, Ontario
Lindsay, Ontario
Linwood, Ontario
Lion`sHead, Ontario
Listowel, Ontario
LittleBritain, Ontario
LittleCurrent, Ontario
Lively, Ontario
Lombardy, Ontario
London, Ontario
LongLac, Ontario
LongLakeFirstNation, Ontario
LongPoint, Ontario
LongSault, Ontario
Longlac, Ontario
Lorne, Ontario
Lucan, Ontario
Lucknow, Ontario
Lyn, Ontario
Lynden, Ontario
M`Chigeeng, Ontario
Maberly, Ontario
Macdiarmid, Ontario
MacTier, Ontario
Madoc, Ontario
Madsen, Ontario
Magnetawan, Ontario
MagnetawanFirstNation, Ontario
Maidstone, Ontario
Maitland, Ontario
Mallorytown, Ontario
Malton, Ontario
Manitouwadge, Ontario
Manitowaning, Ontario
Manotick, Ontario
Maple, Ontario
Marathon, Ontario
Markdale, Ontario
Markham, Ontario
Markstay, Ontario
Marmora, Ontario
MartenFallsFirstNation, Ontario
MartenRiver, Ontario
Martintown, Ontario
Massey, Ontario
Matachewan, Ontario
Matheson, Ontario
Mattawa, Ontario
Mattice, Ontario
Maxville, Ontario
Maynooth, Ontario
McDonaldsCorners, Ontario
McGregor, Ontario
McKellar, Ontario
Meaford, Ontario
Melbourne, Ontario
Merlin, Ontario
Merrickville, Ontario
Metcalfe, Ontario
Midland, Ontario
Mildmay, Ontario
MilfordBay, Ontario
Millbrook, Ontario
Millhaven, Ontario
Milton, Ontario
Milverton, Ontario
Minaki, Ontario
Mindemoya, Ontario
Minden, Ontario
MineCentre, Ontario
Missanabie, Ontario
Mississauga, Ontario
Mitchell, Ontario
MohawksOfTheBayofQuinteF, Ontario
Monkton, Ontario
Moonbeam, Ontario
Moonstone, Ontario
Mooretown, Ontario
MooseCreek, Ontario
MooseFactory, Ontario
Moosonee, Ontario
Morrisburg, Ontario
Morson, Ontario
MountAlbert, Ontario
MountBrydges, Ontario
MountForest, Ontario
MountHope, Ontario
MountPleasant, Ontario
Muskoka, Ontario
MuskokaFalls, Ontario
MuskratDam, Ontario
MuskratDamFirstNation, Ontario
Nairn, Ontario
NaiscoutaingFirstNation, Ontario
Nakina, Ontario
Nanticoke, Ontario
Napanee, Ontario
Navan, Ontario
Nepean, Ontario
Nephton, Ontario
NestorFalls, Ontario
Neustadt, Ontario
NewDundee, Ontario
NewHamburg, Ontario
NewLiskeard, Ontario
NewTecumseth, Ontario
Newburgh, Ontario
Newcastle, Ontario
Newmarket, Ontario
Newtonville, Ontario
NiagaraFalls, Ontario
Niagara-on-the-Lake, Ontario
NickelCentre, Ontario
Nipigon, Ontario
NipissingFirstNation, Ontario
Nobel, Ontario
Nobleton, Ontario
Noelville, Ontario
NorthAugusta, Ontario
NorthBay, Ontario
NorthGower, Ontario
NorthSpiritLake, Ontario
NorthYork, Ontario
Northbrook, Ontario
Norval, Ontario
Norwich, Ontario
Norwood, Ontario
OakRidges, Ontario
Oakville, Ontario
Oakwood, Ontario
Oba, Ontario
Odessa, Ontario
Ogoki, Ontario
Ohsweken, Ontario
OilSprings, Ontario
OjibwaysofHiawathaFirstNat, Ontario
OjibwaysofWalpoleIslandFir, Ontario
Omemee, Ontario
OnapingFalls, Ontario
OneidaFirstNation, Ontario
Opasatika, Ontario
Ophir, Ontario
Orangeville, Ontario
Orillia, Ontario
Orleans, Ontario
Oro, Ontario
Orono, Ontario
Orrville, Ontario
Osgoode, Ontario
Oshawa, Ontario
Ottawa, Ontario
Otterville, Ontario
OwenSound, Ontario
Oxdrift, Ontario
OxfordMills, Ontario
Paisley, Ontario
Pakenham, Ontario
Palgrave, Ontario
PalmerRapids, Ontario
Palmerston, Ontario
PaquetteCorner, Ontario
Parham, Ontario
Paris, Ontario
Parkhill, Ontario
ParrySound, Ontario
PassLake, Ontario
Peawanuck, Ontario
Pefferlaw, Ontario
PeleeIsland, Ontario
Pelham, Ontario
Pembroke, Ontario
Penetanguishene, Ontario
PerraultFalls, Ontario
Perth, Ontario
Petawawa, Ontario
Peterborough, Ontario
Petrolia, Ontario
Pickering, Ontario
PickleLake, Ontario
Picton, Ontario
PikangikumFirstNation, Ontario
PinealLake, Ontario
Plantagenet, Ontario
Plattsville, Ontario
PleasantPark, Ontario
Plevna, Ontario
PointGrondineFirstNation, Ontario
PointPelee, Ontario
PointeauBaril, Ontario
PortBurwell, Ontario
PortCarling, Ontario
PortColborne, Ontario
PortCredit, Ontario
PortCunnington, Ontario
PortDover, Ontario
PortElgin, Ontario
PortFranks, Ontario
PortHope, Ontario
PortLambton, Ontario
PortLoring, Ontario
PortMcNicoll, Ontario
PortPerry, Ontario
PortRobinson, Ontario
PortRowan, Ontario
PortStanley, Ontario
PortSydney, Ontario
Portland, Ontario
Powassan, Ontario
Prescott, Ontario
Preston, Ontario
Princeton, Ontario
Puce, Ontario
Queenston, Ontario
Queensville, Ontario
RainyLakeFirstNation, Ontario
RainyRiver, Ontario
Raith, Ontario
Ramore, Ontario
Rayside-Balfour, Ontario
RedLake, Ontario
RedRock, Ontario
Redbridge, Ontario
Redditt, Ontario
Renfrew, Ontario
Restoule, Ontario
Richmond, Ontario
RichmondHill, Ontario
Ridgetown, Ontario
Ridgeway, Ontario
Ripley, Ontario
Rockland, Ontario
Rockwood, Ontario
Rodney, Ontario
Rolphton, Ontario
Rondeau, Ontario
Roseneath, Ontario
Rosseau, Ontario
Russell, Ontario
Ruthven, Ontario
SachigoFirstNationReserve1, Ontario
SaintClairBeach, Ontario
Salem, Ontario
Sandwich, Ontario
SandyCoveAcres, Ontario
SandyLake, Ontario
SandyLakeFirstNation, Ontario
Sapawe, Ontario
Sarnia, Ontario
SaubleBeach, Ontario
SaugeenFirstNation, Ontario
SaultSte.Marie, Ontario
SavantLake, Ontario
Scarborough, Ontario
Schomberg, Ontario
Schreiber, Ontario
Scotland, Ontario
Seaforth, Ontario
Searchmont, Ontario
Sebright, Ontario
Sebringville, Ontario
SeeleysBay, Ontario
Selby, Ontario
Selkirk, Ontario
SerpentRiverFirstNation, Ontario
SevernBridge, Ontario
Shakespeare, Ontario
Shannonville, Ontario
SharbotLake, Ontario
ShawanagaFirstNation, Ontario
Shebandowan, Ontario
Shedden, Ontario
Shelburne, Ontario
SilverWater, Ontario
Simcoe, Ontario
SiouxLookout, Ontario
SiouxNarrows, Ontario
SixNationsoftheGrandRiver, Ontario
SmithsFalls, Ontario
Smithville, Ontario
SmoothRockFalls, Ontario
Snelgrove, Ontario
Sombra, Ontario
SouthMountain, Ontario
SouthRiver, Ontario
Southampton, Ontario
Spanish, Ontario
Sparta, Ontario
Spencerville, Ontario
Sprucedale, Ontario
St.Catharines, Ontario
St.Charles, Ontario
St.Clements, Ontario
St.Davids, Ontario
St.George, Ontario
St.IsidoredePrescott, Ontario
St.Jacobs, Ontario
St.Marys, Ontario
St.Regis, Ontario
St.Thomas, Ontario
Stayner, Ontario
St-Eugene, Ontario
Stevensville, Ontario
Stewarttown, Ontario
Stirling, Ontario
Stoke`sBay, Ontario
StoneyCreek, Ontario
StoneyPoint, Ontario
Stouffville, Ontario
Straffordville, Ontario
Stratford, Ontario
Strathroy, Ontario
Stratton, Ontario
Streetsville, Ontario
Stroud, Ontario
SturgeonFalls, Ontario
Sudbury, Ontario
Sultan, Ontario
SummerBeaver, Ontario
Sunderland, Ontario
Sundridge, Ontario
Sutton, Ontario
Swastika, Ontario
Sydenham, Ontario
Tamworth, Ontario
Tara, Ontario
Tavistock, Ontario
TaylorCorners, Ontario
Tecumseh, Ontario
Teeswater, Ontario
Temagami, Ontario
TerraceBay, Ontario
Thamesford, Ontario
Thamesville, Ontario
TheEabametoong(FortHope)Fi, Ontario
Thedford, Ontario
Thessalon, Ontario
ThessalonFirstNation, Ontario
Thornbury, Ontario
Thorndale, Ontario
Thorne, Ontario
Thornhill, Ontario
Thorold, Ontario
ThunderBay, Ontario
Thurlow, Ontario
Tilbury, Ontario
Tillsonburg, Ontario
Timmins, Ontario
Tiverton, Ontario
Tobermory, Ontario
Toledo, Ontario
Toronto, Ontario
TorontoIsland, Ontario
Tottenham, Ontario
Trenton, Ontario
TroutCreek, Ontario
Trowbridge, Ontario
Tweed, Ontario
Udora, Ontario
Uniondale, Ontario
Unionville, Ontario
Upsala, Ontario
Utterson, Ontario
Uxbridge, Ontario
ValleyEast, Ontario
Vanier, Ontario
VankleekHill, Ontario
Vaughan, Ontario
VermilionBay, Ontario
Verner, Ontario
Verona, Ontario
Victoria, Ontario
Vineland, Ontario
Virginiatown, Ontario
Wabigoon, Ontario
Wainfleet, Ontario
Walden, Ontario
Walkerton, Ontario
Wallaceburg, Ontario
WapekekaFirstNation, Ontario
Wardsville, Ontario
Warkworth, Ontario
Warren, Ontario
WasagaBeach, Ontario
Waterdown, Ontario
Waterford, Ontario
Waterloo, Ontario
Watford, Ontario
Waubaushene, Ontario
Wawa, Ontario
Webbwood, Ontario
Webequie, Ontario
Welcome, Ontario
Welland, Ontario
Wellandport, Ontario
Wellesley, Ontario
Wellington, Ontario
WestGuilford, Ontario
WestLincoln, Ontario
WestLorne, Ontario
Westmeath, Ontario
Westport, Ontario
Westree, Ontario
Wheatley, Ontario
Whitby, Ontario
Whitchurch-Stouffville, Ontario
WhiteRiver, Ontario
Whitefish, Ontario
WhitefishFalls, Ontario
WhitefishRiverFirstNation, Ontario
Whitney, Ontario
Wiarton, Ontario
Wikwemikong, Ontario
Wilberforce, Ontario
Williamsburg, Ontario
Winchester, Ontario
Windermere, Ontario
Windsor, Ontario
Wingham, Ontario
Winona, Ontario
Woodbridge, Ontario
Woodstock, Ontario
Woodville, Ontario
Wooler, Ontario
WunnumminLake, Ontario
Wyoming, Ontario
Yarker, Ontario
York, Ontario
Zurich, Ontario
Alberton, PrinceEdwardIsland
Bedeque, PrinceEdwardIsland
Borden, PrinceEdwardIsland
Cardigan, PrinceEdwardIsland
Charlottetown, PrinceEdwardIsland
Cornwall, PrinceEdwardIsland
Covehead, PrinceEdwardIsland
Crapaud, PrinceEdwardIsland
EastPoint, PrinceEdwardIsland
Eldon, PrinceEdwardIsland
Georgetown, PrinceEdwardIsland
HunterRiver, PrinceEdwardIsland
Kensington, PrinceEdwardIsland
Montague, PrinceEdwardIsland
Morell, PrinceEdwardIsland
MountStewart, PrinceEdwardIsland
MurrayRiver, PrinceEdwardIsland
NewHaven, PrinceEdwardIsland
NewLondon, PrinceEdwardIsland
O`Leary, PrinceEdwardIsland
Rusticoville, PrinceEdwardIsland
Souris, PrinceEdwardIsland
SouthLake, PrinceEdwardIsland
St.Peters, PrinceEdwardIsland
Stratford, PrinceEdwardIsland
Summerside, PrinceEdwardIsland
Tignish, PrinceEdwardIsland
TyneValley, PrinceEdwardIsland
VernonRiver, PrinceEdwardIsland
Wellington, PrinceEdwardIsland
Abercorn, Quebec
ActonVale, Quebec
Adamsville, Quebec
Aguanish, Quebec
Albanel, Quebec
Alma, Quebec
Alouette, Quebec
Amos, Quebec
Amqui, Quebec
Angliers, Quebec
Anjou, Quebec
Anse-Saint-Jean, Quebec
Armagh, Quebec
Arundel, Quebec
Asbestos, Quebec
Ascot, Quebec
AscotCorner, Quebec
Ashuapmushuan, Quebec
Aston-Jonction, Quebec
Ayer`sCliff, Quebec
Aylmer, Quebec
Bagotville, Quebec
Baie-Comeau, Quebec
Baie-d`Urfe, Quebec
Baie-de-Shawinigan, Quebec
Baie-des-Sables, Quebec
Baie-du-Febvre, Quebec
Baie-Johan-Beetz, Quebec
Baie-Sainte-Catherine, Quebec
Baie-St-Paul, Quebec
Baie-Trinite, Quebec
Barachois, Quebec
Barkmere, Quebec
Barraute, Quebec
Batiscan, Quebec
Beaconsfield, Quebec
Beaucanton, Quebec
Beauceville, Quebec
Beauharnois, Quebec
Beaulac-Garthby, Quebec
Beaumont, Quebec
Beauport, Quebec
Beaupre, Quebec
Becancour, Quebec
Bedford, Quebec
BelleNeige, Quebec
Bellefeuille, Quebec
Belleterre, Quebec
Beloeil, Quebec
Bergeronnes, Quebec
Berthierville, Quebec
Betsiamites, Quebec
Biencourt, Quebec
Bishopton, Quebec
BlackLake, Quebec
Blainville, Quebec
Blanc-Sablon, Quebec
Boisbriand, Quebec
Boischatel, Quebec
Bois-des-Filion, Quebec
Bonaventure, Quebec
Bonne-Esperance, Quebec
Boucherville, Quebec
Bouchette, Quebec
Breakeyville, Quebec
Brigham, Quebec
Brome, Quebec
Bromont, Quebec
Bromptonville, Quebec
Brossard, Quebec
Brownsburg, Quebec
Bryson, Quebec
Buckingham, Quebec
Bury, Quebec
Cabano, Quebec
Cacouna, Quebec
Cadillac, Quebec
Calumet, Quebec
Campbell`sBay, Quebec
Candiac, Quebec
Cantley, Quebec
Cap-a-l`Aigle, Quebec
Cap-aux-Meules, Quebec
Cap-Chat, Quebec
Cap-de-la-Madeleine, Quebec
Cap-des-Rosiers, Quebec
Caplan, Quebec
Cap-Rouge, Quebec
Cap-Saint-Ignace, Quebec
Carignan, Quebec
Carillon, Quebec
Carleton, Quebec
Causapscal, Quebec
Chambly, Quebec
Chambord, Quebec
Champlain, Quebec
Chandler, Quebec
Chapais, Quebec
Chapeau, Quebec
Charette, Quebec
Charlemagne, Quebec
Charlesbourg, Quebec
Charlevoix, Quebec
Charny, Quebec
Chartierville, Quebec
Chateauguay, Quebec
Chateau-Richer, Quebec
Chelsea, Quebec
Cheneville, Quebec
Chesterville, Quebec
Chevery, Quebec
Chibougamau, Quebec
Chicoutimi, Quebec
Chisasibi, Quebec
Chomedey, Quebec
Chute-aux-Outardes, Quebec
Chute-des-Passes, Quebec
Clericy, Quebec
Clermont, Quebec
Cloridorme, Quebec
Clova, Quebec
Coaticook, Quebec
Colombier, Quebec
Compton, Quebec
Contrecoeur, Quebec
Cookshire, Quebec
Coteau-du-Lac, Quebec
Cote-St-Luc, Quebec
Courcelette, Quebec
Courcelles, Quebec
Cowansville, Quebec
Crabtree, Quebec
Danville, Quebec
Daveluyville, Quebec
Deauville, Quebec
Degelis, Quebec
Delisle, Quebec
Delson, Quebec
Desbiens, Quebec
Deschaillons-sur-Saint-Laurent, Quebec
Deux-Montagnes, Quebec
Disraeli, Quebec
Dolbeau-Mistassini, Quebec
Dollard-des-Ormeaux, Quebec
Donnacona, Quebec
Dorval, Quebec
Drummondville, Quebec
Dubuisson, Quebec
Dunham, Quebec
Duparquet, Quebec
Dupuy, Quebec
Duvernay, Quebec
EastAngus, Quebec
EastBroughton, Quebec
EastFarnham, Quebec
EastHereford, Quebec
Eastmain, Quebec
Eastman, Quebec
Entrelacs, Quebec
Esterel, Quebec
Evain, Quebec
Fabre, Quebec
Fabreville, Quebec
Falardeau, Quebec
Farnham, Quebec
Fassett, Quebec
Ferland, Quebec
Ferme-Neuve, Quebec
Fermont, Quebec
Fleurimont, Quebec
Forestville, Quebec
Fort-Coulonge, Quebec
Fortierville, Quebec
Fossambault-sur-le-Lac, Quebec
Frampton, Quebec
FranklinCentre, Quebec
Frelighsburg, Quebec
Fugereville, Quebec
Gaspe, Quebec
Gatineau, Quebec
Gentilly, Quebec
Girardville, Quebec
Godbout, Quebec
Gracefield, Quebec
Granby, Quebec
Grande-Entree, Quebec
Grande-Riviere, Quebec
Grandes-Bergeronnes, Quebec
Grandes-Piles, Quebec
Grande-Vallee, Quebec
Grand-Mere, Quebec
Grand-Remous, Quebec
GreenfieldPark, Quebec
Grenville, Quebec
Guigues, Quebec
Hammond, Quebec
Ham-Nord, Quebec
Hampstead, Quebec
HarringtonHarbour, Quebec
Havre-Aubert, Quebec
Havre-aux-Maisons, Quebec
Havre-St-Pierre, Quebec
Hebertville, Quebec
Hebertville-Station, Quebec
Hemmingford, Quebec
Henryville, Quebec
Howick, Quebec
Hudson, Quebec
Hull, Quebec
Huntingdon, Quebec
Iberville, Quebec
Ile-aux-Coudres, Quebec
Iles-de-la-Madeleine, Quebec
Inukjuak, Quebec
Inverness, Quebec
Joliette, Quebec
Jonquiere, Quebec
Joutel, Quebec
Kangiqsualujjuaq, Quebec
Kangirsuk, Quebec
Kateville, Quebec
Kazabazua, Quebec
Kingsbury, Quebec
KingseyFalls, Quebec
Kirkland, Quebec
Knowlton, Quebec
Kuujjuaq, Quebec
L`Acadie, Quebec
L`Ancienne-Lorette, Quebec
L`Ange-Gardien, Quebec
L`Annonciation, Quebec
L`Assomption, Quebec
L`Avenir, Quebec
L`Epiphanie, Quebec
L`Ile-Aux-Noix, Quebec
L`Ile-Bizard, Quebec
L`Ile-Cadieux, Quebec
L`Ile-d`Entree, Quebec
L`Ile-Dorval, Quebec
L`Ile-Perrot, Quebec
L`le-Verte, Quebec
L`Islet, Quebec
LaBaie, Quebec
LaCorne, Quebec
LaDore, Quebec
LaGrande, Quebec
LaGuadeloupe, Quebec
LaMalbaie, Quebec
LaMartre, Quebec
LaMinerve, Quebec
LaPatrie, Quebec
LaPlaine, Quebec
LaPocatiere, Quebec
LaPrairie, Quebec
LaReine, Quebec
LaRomaine, Quebec
LaSarre, Quebec
LaTuque, Quebec
Labelle, Quebec
LacKenogami, Quebec
Lac-au-Saumon, Quebec
Lac-aux-Sables, Quebec
Lac-Bouchette, Quebec
Lac-Brome, Quebec
Lac-Delage, Quebec
Lac-des-Ecorces, Quebec
Lac-Drolet, Quebec
Lac-du-Cerf, Quebec
Lac-Edouard, Quebec
Lac-Etchemin, Quebec
Lac-Frontiere, Quebec
Lachenaie, Quebec
Lachine, Quebec
Lachute, Quebec
Lacolle, Quebec
Lac-Poulin, Quebec
Lac-Saguay, Quebec
Lac-Sergent, Quebec
Lac-St-Joseph, Quebec
Lafontaine, Quebec
LakeMegantic, Quebec
Lambton, Quebec
Lanoraie, Quebec
LaSalle, Quebec
Laterriere, Quebec
Latulipe, Quebec
Laurentides, Quebec
Laurier-Station, Quebec
Laurierville, Quebec
Laval, Quebec
LavaldesRapides, Quebec
LavalOuest, Quebec
Lavaltrie, Quebec
Laverlochere, Quebec
Lawrenceville, Quebec
LeBic, Quebec
LeGardeur, Quebec
Lebel-sur-Quevillon, Quebec
Leclercville, Quebec
LeMoyne, Quebec
Lennoxville, Quebec
Lery, Quebec
LesBoules, Quebec
LesCedres, Quebec
LesCoteaux, Quebec
LesEboulements, Quebec
LesEscoumins, Quebec
LesMechins, Quebec
Levis, Quebec
Longueuil, Quebec
Loretteville, Quebec
Lorraine, Quebec
Lorrainville, Quebec
Louiseville, Quebec
LourdesdeBlancSablon, Quebec
Louvicourt, Quebec
Low, Quebec
Luceville, Quebec
Luskville, Quebec
Lyster, Quebec
Macamic, Quebec
Magog, Quebec
Malartic, Quebec
Manic-Cinq, Quebec
Maniwaki, Quebec
Manouane, Quebec
Manseau, Quebec
Mansonville, Quebec
MapleGrove, Quebec
Maria, Quebec
Marieville, Quebec
Marsoui, Quebec
Mascouche, Quebec
Maskinonge, Quebec
Masson-Angers, Quebec
Massueville, Quebec
Mastigouche, Quebec
Matagami, Quebec
Matane, Quebec
Matapedia, Quebec
Mcmasterville, Quebec
Melbourne, Quebec
Mellin, Quebec
Melocheville, Quebec
Mercier, Quebec
Metabetchouan, Quebec
Metis-sur-Mer, Quebec
Mirabel, Quebec
Mistassini, Quebec
Moisie, Quebec
MontBechervaise, Quebec
MontStGrgoire, Quebec
Montebello, Quebec
Mont-Joli, Quebec
Mont-Laurier, Quebec
Mont-Louis, Quebec
Montmagny, Quebec
Montreal, Quebec
Montreal-Est, Quebec
Montral-Nord, Quebec
Montral-Ouest, Quebec
Mont-Rolland, Quebec
Mont-Royal, Quebec
Mont-St-Hilaire, Quebec
Mont-St-Pierre, Quebec
Mont-Tremblant, Quebec
Morin-Heights, Quebec
Murdochville, Quebec
MuttonBay, Quebec
Nantes, Quebec
Napierville, Quebec
Natashquan, Quebec
Nedelec, Quebec
Neuville, Quebec
NewCarlisle, Quebec
NewGlasgow, Quebec
NewRichmond, Quebec
Newport, Quebec
Nicolet, Quebec
Norbertville, Quebec
Normandin, Quebec
Normetal, Quebec
NorthHatley, Quebec
NotreDamedeBonsecours, Quebec
NotreDameDeL`IlePerrot, Quebec
NotreDamedeLourdes, Quebec
NotreDamedesLaurentides, Quebec
NotreDameDesPrairies, Quebec
NotreDameDuPortage, Quebec
Notre-Dame-de-la-Paix, Quebec
Notre-Dame-de-la-Salette, Quebec
Notre-Dame-de-Stanbridge, Quebec
Notre-Dame-du-Bon-Conseil, Quebec
Notre-Dame-du-Lac, Quebec
Notre-Dame-du-Laus, Quebec
Notre-Dame-du-Nord, Quebec
Nouvelle, Quebec
Oka, Quebec
Omerville, Quebec
Orford, Quebec
Ormstown, Quebec
OtterburnPark, Quebec
Outremont, Quebec
Palmarolle, Quebec
Papineauville, Quebec
Parent, Quebec
Perce, Quebec
Peribonka, Quebec
Perkins, Quebec
Petite-Riviere-St-Francois, Quebec
Philipsburg, Quebec
Pierrefonds, Quebec
Pierreville, Quebec
Pincourt, Quebec
Pintendre, Quebec
Plaisance, Quebec
Plessisville, Quebec
Pohenegamook, Quebec
PointeAuxTrembles, Quebec
Pointe-a-la-Croix, Quebec
Pointe-au-Pere, Quebec
Pointe-aux-Outardes, Quebec
Pointe-Calumet, Quebec
Pointe-Claire, Quebec
Pointe-des-Cascades, Quebec
Pointe-des-Monts, Quebec
Pointe-Fortune, Quebec
Pointe-Lebel, Quebec
Pontiac, Quebec
Pont-Rouge, Quebec
Pont-Viau, Quebec
Portage-du-Fort, Quebec
Port-Cartier, Quebec
Port-Daniel, Quebec
Port-Menier, Quebec
Portneuf, Quebec
Poste-de-la-Baleine, Quebec
Prevost, Quebec
Price, Quebec
Princeville, Quebec
Puvirnituq, Quebec
Quebec, Quebec
Quyon, Quebec
Radisson, Quebec
Rawdon, Quebec
Remigny, Quebec
Repentigny, Quebec
RservefauniquedeRimouski, Quebec
RservefauniquelaVrendrye, Quebec
RservesfauniquesdeMatanee, Quebec
Richelieu, Quebec
Richmond, Quebec
Rigaud, Quebec
Rimouski, Quebec
Rimouski-Est, Quebec
Ripon, Quebec
Riviere-a-Pierre, Quebec
Riviere-au-Renard, Quebec
Riviere-au-Tonnerre, Quebec
Riviere-Beaudette, Quebec
Riviere-Bleue, Quebec
Riviere-du-Loup, Quebec
Riviere-Heva, Quebec
Riviere-St-Jean, Quebec
Robertsonville, Quebec
Roberval, Quebec
Rochebaucourt, Quebec
RockForest, Quebec
Rollet, Quebec
Rosemere, Quebec
Rougemont, Quebec
Rouyn-Noranda, Quebec
Roxboro, Quebec
RoxtonFalls, Quebec
RoxtonPond, Quebec
Sabrevois, Quebec
SacreCoeur, Quebec
SaintAlexandreD`Iberville, Quebec
SaintAlphonsedeGranby, Quebec
SaintAmable, Quebec
SaintAntoineDesLaurentides, Quebec
SaintAntoineSurRichelieu, Quebec
SaintAntonin, Quebec
SaintAthanase, Quebec
SaintCalixte, Quebec
SaintCharlesBorromee, Quebec
SaintCharlesSurRichelieu, Quebec
SaintChristopheD`Arthabaska, Quebec
SaintColomban, Quebec
SaintDenisDeBrompton, Quebec
SaintDenisSurRichelieu, Quebec
SaintEsprit, Quebec
SaintEtiennedeBeauharnois, Quebec
SaintEtiennedeLauzon, Quebec
SaintGerardMajella, Quebec
SaintIsidoredelaPrairie, Quebec
SaintJeanBaptiste, Quebec
SaintJeanD`Orleans, Quebec
SaintJoachim, Quebec
SaintJosephDeLaPointeDeL, Quebec
SaintLaurentD`Orleans, Quebec
SaintLazareDeVaudreuil, Quebec
SaintLinLaurentides, Quebec
SaintMarcSurRichelieu, Quebec
SaintMathiasSurRichelieu, Quebec
SaintMathieudeBeloeil, Quebec
SaintMathieudelaPrairie, Quebec
SaintMaurice, Quebec
SaintNorbertD`Arthabaska, Quebec
SaintPaulD`Industrie, Quebec
SaintPhilippe, Quebec
SaintPierreD`Orleans, Quebec
SaintRobert, Quebec
SaintRochDeL`Achigan, Quebec
SaintRochDeRichelieu, Quebec
SaintSulpice, Quebec
SaintThomas, Quebec
SaintUrbainPremier, Quebec
SaintValere, Quebec
SaintVictoiredeSorel, Quebec
Saint-Alexis-de-Montcalm, Quebec
Saint-Cme, Quebec
Saint-Donat, Quebec
SainteAngeleDeMonnoir, Quebec
SainteAnnDeSorel, Quebec
SainteBrigideD`Iberville, Quebec
SainteCecileDeMilton, Quebec
SainteDorothe, Quebec
SainteFamille, Quebec
SainteMarieSalome, Quebec
SainteMartheDuCap, Quebec
SainteSophie, Quebec
SainteThereseDeBlainville, Quebec
Saint-lie, Quebec
Saint-lie-d`Orford, Quebec
Saint-Ferdinand, Quebec
Saint-Ferrol-les-neiges, Quebec
Saint-Hubert, Quebec
Saint-Hyacinthe, Quebec
Saint-Michel-des-Saints, Quebec
Salaberry-de-Valleyfield, Quebec
Salluit, Quebec
Sanmaur, Quebec
Sault-au-Mouton, Quebec
Sawyerville, Quebec
Sayabec, Quebec
Schefferville, Quebec
Scotstown, Quebec
Senneterre, Quebec
Senneville, Quebec
Sept-Iles, Quebec
Shawbridge, Quebec
Shawinigan, Quebec
Shawinigan-Sud, Quebec
Shawville, Quebec
Shefford, Quebec
Sherbrooke, Quebec
Shigawake, Quebec
Shipshaw, Quebec
Sillery, Quebec
Sorel-Tracy, Quebec
Squatec, Quebec
St.AmbroisedeChicoutimi, Quebec
St.BasiledePortneuf, Quebec
St.BernarddeDorchester, Quebec
St.ComedeKennebec, Quebec
St.EdouarddeFrampton, Quebec
St.FabiendeRimouski, Quebec
St.Ferdinandd`Halifax, Quebec
St.Fidele, Quebec
St.GabrieldeRimouski, Quebec
St.GedeondeBeauce, Quebec
St.GregoiredeNicolet, Quebec
St.HenrideLevis, Quebec
St.Honore, Quebec
St.LeonDeChic., Quebec
St.MartindeBeauce, Quebec
St.Moise, Quebec
St.RaphaeldeBellechasse, Quebec
St.Sebastien, Quebec
St.StanislasdeChamplain, Quebec
St.TheodoredeChertsey, Quebec
St.VictordeBeauce, Quebec
St.VincentdePaul, Quebec
St-Adelphe, Quebec
St-Adolphe-d`Howard, Quebec
St-Adolphe-de-Dudswell, Quebec
St-Agapit, Quebec
St-Aime, Quebec
St-Albert, Quebec
St-Alexandre-de-Kamouraska, Quebec
St-Alexis-de-Matapedia, Quebec
St-Alexis-des-Monts, Quebec
St-Alphonse-Rodriguez, Quebec
St-Andre, Quebec
St-Andre-Avellin, Quebec
St-Andre-du-Lac-St-Jean, Quebec
St-Andre-Est, Quebec
St-Anselme, Quebec
Stanstead, Quebec
St-Antoine, Quebec
St-Antoine-de-Tilly, Quebec
St-Apollinaire, Quebec
St-Augustin-de-Desmaures, Quebec
St-Barnabe, Quebec
St-Barthelemy, Quebec
St-Basile-le-Grand, Quebec
St-Basile-Sud, Quebec
St-Blaise-sur-Richelieu, Quebec
St-Boniface-de-Shawinigan, Quebec
St-Bruno, Quebec
St-Bruno-de-Montarville, Quebec
St-Calixte-de-Kilkenny, Quebec
St-Casimir, Quebec
St-Celestin, Quebec
St-Cesaire, Quebec
St-Charles-de-Bellechasse, Quebec
St-Chrysostome, Quebec
St-Clet, Quebec
St-Constant, Quebec
St-Cyrille-de-Wendover, Quebec
St-Damase, Quebec
St-Damien-de-Buckland, Quebec
St-Denis, Quebec
Ste.AgathedeLotbiniere, Quebec
Ste.AngeledeLaval, Quebec
Ste.CecileMasham, Quebec
Ste.ClairedeDorchester, Quebec
Ste.CroixdeLotbiniere, Quebec
Ste.Gertrude, Quebec
Ste.JustinedeNewton, Quebec
Ste.Martine, Quebec
Ste.MethodedeFrontenac, Quebec
Ste.MoniquedeNicolet, Quebec
Ste-Adele, Quebec
Ste-Agathe, Quebec
Ste-Agathe-des-Monts, Quebec
Ste-Agathe-Sud, Quebec
Ste-Anne-de-Beaupre, Quebec
Ste-Anne-de-Bellevue, Quebec
Ste-Anne-de-la-Perade, Quebec
Ste-Anne-de-Portneuf, Quebec
Ste-Anne-des-Monts, Quebec
Ste-Anne-des-Plaines, Quebec
Ste-Anne-du-Lac, Quebec
Ste-Blandine, Quebec
Ste-Brigitte-de-Laval, Quebec
Ste-Catherine, Quebec
Ste-Clotilde-de-Horton, Quebec
St-Edouard-de-Lotbiniere, Quebec
Ste-Eulalie, Quebec
Ste-Felicite, Quebec
Ste-Foy, Quebec
Ste-Genevieve, Quebec
Ste-Helene-de-Bagot, Quebec
Ste-Henedine, Quebec
Ste-Jeanne-d`Arc, Quebec
Ste-Julie, Quebec
Ste-Julie-de-Vercheres, Quebec
Ste-Julienne, Quebec
Ste-Justine, Quebec
St-Eleuthere, Quebec
Ste-Lucie-de-Beauregard, Quebec
Ste-Madeleine, Quebec
Ste-Marguerite, Quebec
Ste-Marie-de-Beauce, Quebec
Ste-Marie-de-Blandford, Quebec
Ste-Marthe, Quebec
Ste-Marthe-sur-le-Lac, Quebec
St-Emile, Quebec
St-Emile-de-Suffolk, Quebec
Ste-Perpetue, Quebec
Ste-Petronille, Quebec
St-Ephrem-de-Beauce, Quebec
St-Ephrem-de-Tring, Quebec
Ste-Rosalie, Quebec
Ste-Rose, Quebec
Ste-Rose-de-Watford, Quebec
Ste-Rose-du-Nord, Quebec
Ste-Sophie-de-Levrard, Quebec
Ste-Thecle, Quebec
Ste-Therese, Quebec
St-Eugene-de-Guigues, Quebec
St-Eustache, Quebec
Ste-Veronique, Quebec
Ste-Victoire, Quebec
St-Fabien-de-Panet, Quebec
St-Felicien, Quebec
St-Felix-de-Kingsey, Quebec
St-Felix-de-Valois, Quebec
St-Fidele-de-Mont-Murray, Quebec
St-Flavien, Quebec
St-Francois-du-Lac, Quebec
St-Fulgence, Quebec
St-Gabriel, Quebec
St-Gabriel-de-Brandon, Quebec
St-Gedeon, Quebec
St-Georges, Quebec
St-Georges-de-Beauce, Quebec
St-Georges-de-Cacouna, Quebec
St-Gerard, Quebec
St-Germain-de-Grantham, Quebec
St-Gregoire-de-Greenlay, Quebec
St-Guillaume, Quebec
St-Hilarion, Quebec
St-Hippolyte, Quebec
St-Honore-de-Beauce, Quebec
St-Honore-de-Chicoutimi, Quebec
St-Hugues, Quebec
St-Irenee, Quebec
St-Jacques, Quebec
St-Jean-Chrysostome, Quebec
St-Jean-de-Dieu, Quebec
St-Jean-de-Matha, Quebec
St-Jean-Port-Joli, Quebec
St-Jean-sur-Richelieu, Quebec
St-Jerome, Quebec
St-Joseph-de-Beauce, Quebec
St-Joseph-de-la-Rive, Quebec
St-Joseph-de-Sorel, Quebec
St-Jovite, Quebec
St-Jude, Quebec
St-Just-de-Bretenieres, Quebec
St-Lambert, Quebec
St-Lambert-de-Lauzon, Quebec
St-Laurent, Quebec
St-Leonard, Quebec
St-Leonard-d`Aston, Quebec
St-Leon-le-Grand, Quebec
St-Liboire, Quebec
St-Lin, Quebec
St-Louis-de-France, Quebec
St-Luc, Quebec
St-Ludger, Quebec
St-Magloire, Quebec
St-Malachie, Quebec
St-Malo, Quebec
St-Marc-des-Carrieres, Quebec
St-Methode-de-Frontenac, Quebec
St-Michel-de-Bellechasse, Quebec
St-Moose, Quebec
St-Nazaire-d`Acton, Quebec
St-Nicolas, Quebec
St-Noel, Quebec
St-Odilon-de-Cranbourne, Quebec
Stoke, Quebec
Stoneham, Quebec
St-Ours, Quebec
St-Pacome, Quebec
St-Pamphile, Quebec
St-Pascal, Quebec
St-Patrice-de-Beaurivage, Quebec
St-Paul-d`Abbotsford, Quebec
St-Paul-de-Montminy, Quebec
St-Paulin, Quebec
St-Philippe-de-Neri, Quebec
St-Pie, Quebec
St-Pie-de-Guire, Quebec
St-Pierre, Quebec
St-Pierre-de-Wakefield, Quebec
St-Pierre-les-Becquets, Quebec
St-Polycarpe, Quebec
St-Prime, Quebec
St-Prosper-de-Dorchester, Quebec
Stratford, Quebec
St-Raymond, Quebec
St-Redempteur, Quebec
St-Remi, Quebec
St-Rene-de-Matane, Quebec
St-Roch-de-Mekinac, Quebec
St-Roch-des-Aulnaies, Quebec
St-Romuald, Quebec
St-Sauveur, Quebec
St-Sauveur-des-Monts, Quebec
St-Simeon, Quebec
St-Simon-de-Bagot, Quebec
St-Simon-de-Rimouski, Quebec
St-Sylvere, Quebec
St-Sylvestre, Quebec
St-Theophile, Quebec
St-Thomas-d`Aquin, Quebec
St-Timothee, Quebec
St-Tite, Quebec
St-Tite-des-Caps, Quebec
St-Ubalde, Quebec
Stukely-Sud, Quebec
St-Ulric, Quebec
St-Urbain, Quebec
St-Victor, Quebec
St-Wenceslas, Quebec
St-Zacharie, Quebec
St-Zenon, Quebec
St-Zephirin, Quebec
St-Zotique, Quebec
Sutton, Quebec
Tadoussac, Quebec
Taschereau, Quebec
Tasiujaq, Quebec
Temiscaming, Quebec
TerrasseVaudreuil, Quebec
Terrebonne, Quebec
Tete-a-la-Baleine, Quebec
ThetfordMines, Quebec
Thurso, Quebec
Tingwick, Quebec
Tremblay, Quebec
Tring-Jonction, Quebec
Trois-Pistoles, Quebec
Trois-Rivieres, Quebec
Umiujaq, Quebec
Upton, Quebec
Val-Alain, Quebec
Val-Barrette, Quebec
Val-Belair, Quebec
Val-Brillant, Quebec
Valcartier, Quebec
Valcourt, Quebec
Val-d`Or, Quebec
Val-David, Quebec
Val-des-Bois, Quebec
Vallee-Jonction, Quebec
Vanier, Quebec
Varennes, Quebec
Vaudreuil, Quebec
VaudreuilDorion, Quebec
Vaudreuil-sur-le-Lac, Quebec
Venise-en-, Quebec, Quebec
Vercheres, Quebec
Verdun, Quebec
Victoriaville, Quebec
Ville-Marie, Quebec
Vimont, Quebec
Wakefield, Quebec
Warden, Quebec
Warwick, Quebec
Waskaganish, Quebec
Waswanipi, Quebec
Waterloo, Quebec
Waterville, Quebec
Weedon, Quebec
WeedonCentre, Quebec
Wemindji, Quebec
Wendover, Quebec
WestBrome, Quebec
Westbury, Quebec
Westmount, Quebec
Wickham, Quebec
Windsor, Quebec
Woburn, Quebec
Wotton, Quebec
Yamachiche, Quebec
Yamaska, Quebec
Yamaska-Est, Quebec
Abbey, Saskatchewan
Aberdeen, Saskatchewan
Abernethy, Saskatchewan
Alameda, Saskatchewan
Alida, Saskatchewan
Allan, Saskatchewan
Alsask, Saskatchewan
Alvena, Saskatchewan
Aneroid, Saskatchewan
Arborfield, Saskatchewan
Archerwill, Saskatchewan
Arcola, Saskatchewan
Asquith, Saskatchewan
Assiniboia, Saskatchewan
Avonlea, Saskatchewan
Balcarres, Saskatchewan
Balgonie, Saskatchewan
Battleford, Saskatchewan
Beauval, Saskatchewan
Beechy, Saskatchewan
Bengough, Saskatchewan
Bethune, Saskatchewan
Bienfait, Saskatchewan
BigRiver, Saskatchewan
Biggar, Saskatchewan
BirchHills, Saskatchewan
Birsay, Saskatchewan
BlaineLake, Saskatchewan
Borden, Saskatchewan
Bredenbury, Saskatchewan
Briercrest, Saskatchewan
Broadview, Saskatchewan
Brock, Saskatchewan
Bruno, Saskatchewan
Buchanan, Saskatchewan
BuffaloNarrows, Saskatchewan
Burstall, Saskatchewan
Cabri, Saskatchewan
Cadillac, Saskatchewan
Calder, Saskatchewan
CanoeNarrows, Saskatchewan
Canora, Saskatchewan
Canwood, Saskatchewan
Carievale, Saskatchewan
Carlyle, Saskatchewan
Carnduff, Saskatchewan
Caron, Saskatchewan
CarrotRiver, Saskatchewan
CentralButte, Saskatchewan
Ceylon, Saskatchewan
Chaplin, Saskatchewan
Choiceland, Saskatchewan
ChristopherLake, Saskatchewan
Churchbridge, Saskatchewan
Clavet, Saskatchewan
Climax, Saskatchewan
Cochin, Saskatchewan
Coderre, Saskatchewan
Coleville, Saskatchewan
Colonsay, Saskatchewan
Conquest, Saskatchewan
Consul, Saskatchewan
Coronach, Saskatchewan
Craik, Saskatchewan
Creelman, Saskatchewan
Creighton, Saskatchewan
Cudworth, Saskatchewan
CumberlandHouse, Saskatchewan
Cupar, Saskatchewan
CutKnife, Saskatchewan
Dalmeny, Saskatchewan
Davidson, Saskatchewan
Debden, Saskatchewan
Delisle, Saskatchewan
Denzil, Saskatchewan
Dillon, Saskatchewan
Dinsmore, Saskatchewan
Dodsland, Saskatchewan
Domremy, Saskatchewan
Drake, Saskatchewan
Dubuc, Saskatchewan
DuckLake, Saskatchewan
Dundurn, Saskatchewan
Dysart, Saskatchewan
EarlGrey, Saskatchewan
Eastend, Saskatchewan
Eatonia, Saskatchewan
Edam, Saskatchewan
Elbow, Saskatchewan
Elfros, Saskatchewan
Elrose, Saskatchewan
Esterhazy, Saskatchewan
Estevan, Saskatchewan
Eston, Saskatchewan
Eyebrow, Saskatchewan
Fillmore, Saskatchewan
Fleming, Saskatchewan
FoamLake, Saskatchewan
Fond-du-Lac, Saskatchewan
FortQu`Appelle, Saskatchewan
FoxValley, Saskatchewan
Francis, Saskatchewan
Frobisher, Saskatchewan
Frontier, Saskatchewan
Gainsborough, Saskatchewan
Glaslyn, Saskatchewan
GlenEwen, Saskatchewan
Glenavon, Saskatchewan
Goodeve, Saskatchewan
Goodsoil, Saskatchewan
Govan, Saskatchewan
Gravelbourg, Saskatchewan
Grayson, Saskatchewan
GreenLake, Saskatchewan
Grenfell, Saskatchewan
GullLake, Saskatchewan
Hafford, Saskatchewan
Hague, Saskatchewan
Hanley, Saskatchewan
Harris, Saskatchewan
Hawarden, Saskatchewan
Hazlet, Saskatchewan
Hepburn, Saskatchewan
Herbert, Saskatchewan
Herschel, Saskatchewan
Hodgeville, Saskatchewan
Holdfast, Saskatchewan
HudsonBay, Saskatchewan
Humboldt, Saskatchewan
Ile-a-la-Crosse, Saskatchewan
Imperial, Saskatchewan
IndianHead, Saskatchewan
Invermay, Saskatchewan
Ituna, Saskatchewan
Jansen, Saskatchewan
Kamsack, Saskatchewan
Kelliher, Saskatchewan
Kelvington, Saskatchewan
Kenaston, Saskatchewan
Kennedy, Saskatchewan
Kenosee, Saskatchewan
Kerrobert, Saskatchewan
KeyLake, Saskatchewan
Kincaid, Saskatchewan
Kindersley, Saskatchewan
Kinistino, Saskatchewan
Kipling, Saskatchewan
Kisbey, Saskatchewan
Kyle, Saskatchewan
LaLoche, Saskatchewan
LaRonge, Saskatchewan
Lafleche, Saskatchewan
Laird, Saskatchewan
LakeAlma, Saskatchewan
LakeLenore, Saskatchewan
Lampman, Saskatchewan
Landis, Saskatchewan
Lang, Saskatchewan
Langenburg, Saskatchewan
Langham, Saskatchewan
Lanigan, Saskatchewan
Lashburn, Saskatchewan
Leader, Saskatchewan
Leask, Saskatchewan
Lemberg, Saskatchewan
Leoville, Saskatchewan
Leroy, Saskatchewan
Lestock, Saskatchewan
Liberty, Saskatchewan
Limerick, Saskatchewan
Lintlaw, Saskatchewan
Lipton, Saskatchewan
Lloydminster, Saskatchewan
LoonLake, Saskatchewan
Loreburn, Saskatchewan
LuckyLake, Saskatchewan
Lumsden, Saskatchewan
Luseland, Saskatchewan
Macklin, Saskatchewan
Macrorie, Saskatchewan
Maidstone, Saskatchewan
Mankota, Saskatchewan
Manor, Saskatchewan
MapleCreek, Saskatchewan
Marcelin, Saskatchewan
Margo, Saskatchewan
Marquis, Saskatchewan
Marsden, Saskatchewan
Marshall, Saskatchewan
Martensville, Saskatchewan
Maryfield, Saskatchewan
Maymont, Saskatchewan
Meacham, Saskatchewan
MeadowLake, Saskatchewan
MeathPark, Saskatchewan
Melfort, Saskatchewan
Melville, Saskatchewan
Meota, Saskatchewan
Midale, Saskatchewan
MiddleLake, Saskatchewan
Milden, Saskatchewan
Milestone, Saskatchewan
Minton, Saskatchewan
Mistatim, Saskatchewan
Molanosa, Saskatchewan
Montmartre, Saskatchewan
MooseJaw, Saskatchewan
Moosomin, Saskatchewan
Morse, Saskatchewan
Mortlach, Saskatchewan
Mossbank, Saskatchewan
Naicam, Saskatchewan
Neidpath, Saskatchewan
Neilburg, Saskatchewan
Neudorf, Saskatchewan
Neville, Saskatchewan
Nipawin, Saskatchewan
Nokomis, Saskatchewan
Norquay, Saskatchewan
NorthBattleford, Saskatchewan
NorthPortal, Saskatchewan
Odessa, Saskatchewan
Ogema, Saskatchewan
Ormiston, Saskatchewan
Osler, Saskatchewan
Outlook, Saskatchewan
Oxbow, Saskatchewan
Paddockwood, Saskatchewan
Pangman, Saskatchewan
ParadiseHill, Saskatchewan
Patuanak, Saskatchewan
Paynton, Saskatchewan
PelicanNarrows, Saskatchewan
Pelly, Saskatchewan
Pennant, Saskatchewan
Pense, Saskatchewan
Perdue, Saskatchewan
Piapot, Saskatchewan
Pierceland, Saskatchewan
PilotButte, Saskatchewan
Pinehouse, Saskatchewan
Plato, Saskatchewan
Plenty, Saskatchewan
Ponteix, Saskatchewan
PorcupinePlain, Saskatchewan
Preeceville, Saskatchewan
Prelate, Saskatchewan
PrinceAlbert, Saskatchewan
Prud`homme, Saskatchewan
Punnichy, Saskatchewan
Qu`Appelle, Saskatchewan
QuillLake, Saskatchewan
RabbitLake, Saskatchewan
Radisson, Saskatchewan
Radville, Saskatchewan
Raymore, Saskatchewan
Redvers, Saskatchewan
Regina, Saskatchewan
ReginaBeach, Saskatchewan
Rhein, Saskatchewan
Riceton, Saskatchewan
Richmound, Saskatchewan
Ridgedale, Saskatchewan
Riverhurst, Saskatchewan
Rocanville, Saskatchewan
Rockglen, Saskatchewan
RoseValley, Saskatchewan
Rosetown, Saskatchewan
Rosthern, Saskatchewan
Rouleau, Saskatchewan
Saltcoats, Saskatchewan
SandyBay, Saskatchewan
Saskatoon, Saskatchewan
Sceptre, Saskatchewan
Scott, Saskatchewan
Sedley, Saskatchewan
Semans, Saskatchewan
Shaunavon, Saskatchewan
Sheho, Saskatchewan
ShellLake, Saskatchewan
Shellbrook, Saskatchewan
Simpson, Saskatchewan
Sintaluta, Saskatchewan
Smeaton, Saskatchewan
Smiley, Saskatchewan
Southend, Saskatchewan
Southey, Saskatchewan
Spalding, Saskatchewan
Speers, Saskatchewan
Spiritwood, Saskatchewan
Springside, Saskatchewan
SpyHill, Saskatchewan
St.Benedict, Saskatchewan
St.Brieux, Saskatchewan
St.Gregor, Saskatchewan
St.Louis, Saskatchewan
St.Walburg, Saskatchewan
StanleyMission, Saskatchewan
StarCity, Saskatchewan
Stockholm, Saskatchewan
StonyRapids, Saskatchewan
Storthoaks, Saskatchewan
Stoughton, Saskatchewan
Strasbourg, Saskatchewan
Strongfield, Saskatchewan
Sturgis, Saskatchewan
SwiftCurrent, Saskatchewan
Tantallon, Saskatchewan
Theodore, Saskatchewan
Tisdale, Saskatchewan
Togo, Saskatchewan
Tompkins, Saskatchewan
Torquay, Saskatchewan
TrampingLake, Saskatchewan
Tribune, Saskatchewan
TurnorLake, Saskatchewan
Turtleford, Saskatchewan
Unity, Saskatchewan
UraniumCity, Saskatchewan
ValMarie, Saskatchewan
Vanguard, Saskatchewan
Vanscoy, Saskatchewan
Vibank, Saskatchewan
Viscount, Saskatchewan
Vonda, Saskatchewan
Wadena, Saskatchewan
Wakaw, Saskatchewan
Waldheim, Saskatchewan
Wapella, Saskatchewan
Warman, Saskatchewan
WaskesiuLake, Saskatchewan
Watrous, Saskatchewan
Watson, Saskatchewan
Wawota, Saskatchewan
Webb, Saskatchewan
Welwyn, Saskatchewan
Weyburn, Saskatchewan
WhiteFox, Saskatchewan
Whitewood, Saskatchewan
Wilcox, Saskatchewan
Wilkie, Saskatchewan
WillowBunch, Saskatchewan
Windthorst, Saskatchewan
Wiseton, Saskatchewan
Wishart, Saskatchewan
WollastonLake, Saskatchewan
Wolseley, Saskatchewan
WoodMountain, Saskatchewan
Wynyard, Saskatchewan
YellowCreek, Saskatchewan
YellowGrass, Saskatchewan
Yorkton, Saskatchewan
Young, Saskatchewan
Zealandia, Saskatchewan
ZenonPark, Saskatchewan
BeaverCreek, Yukon
BurwashLanding, Yukon
Carcross, Yukon
Carmacks, Yukon
Dawson, Yukon
DestructionBay, Yukon
Faro, Yukon
HainesJunction, Yukon
MarshLake, Yukon
Mayo, Yukon
OldCrow, Yukon
PellyCrossing, Yukon
RossRiver, Yukon
SwiftRiver, Yukon
Tagish, Yukon
Teslin, Yukon
WatsonLake, Yukon
Whitehorse, Yukon